"","Player","Tm","season17_18","Pos","Age","G","GS","MP","PER","TS.","X3PAr","FTr","ORB.","DRB.","TRB.","AST.","STL.","BLK.","TOV.","USG.","OWS","DWS","WS","WS.48","OBPM","DBPM","BPM","VORP","FG","FGA","FG.","X3P","X3PA","X3P.","X2P","X2PA","X2P.","eFG.","FT","FTA","FT.","ORB","DRB","TRB","AST","STL","BLK","TOV","PF","PTS"
"1","Aaron Gordon","ORL",5504420,"SF",21,80,72,2298,14.4,0.53,0.309,0.251,5.3,14.1,9.6,10.5,1.4,1.4,8.5,20.1,2,1.7,3.7,0.076,-0.2,-0.4,-0.7,0.8,393,865,0.454,77,267,0.288,316,598,0.528,0.499,156,217,0.719,116,289,405,150,64,40,89,172,1019
"2","Al Horford","BOS",27734405,"C",30,68,68,2193,17.7,0.553,0.302,0.169,4.9,18.6,11.8,24.4,1.2,3.3,11.9,19.8,3.6,2.7,6.3,0.137,1,2.1,3.1,2.8,379,801,0.473,86,242,0.355,293,559,0.524,0.527,108,135,0.8,95,369,464,337,52,87,116,138,952
"3","Al Jefferson","IND",9769821,"C",32,66,1,931,18.9,0.526,0.002,0.18,9.2,24.2,16.8,11,1,1.5,6.1,26.1,1.2,1.1,2.3,0.119,-1.5,-1.5,-3.1,-0.3,235,471,0.499,0,1,0,235,470,0.5,0.499,65,85,0.765,75,203,278,57,19,16,33,125,535
"4","Al-Farouq Aminu","POR",7319035,"SF",26,61,25,1773,11.3,0.506,0.455,0.292,4.8,23.5,14.1,7.9,1.7,2,15.2,15.4,-0.1,2,1.9,0.051,-2.3,1.2,-1.1,0.4,183,466,0.393,70,212,0.33,113,254,0.445,0.468,96,136,0.706,77,374,451,99,60,44,94,102,532
"5","Alan Williams","PHO",6e+06,"C",24,47,0,708,19.5,0.547,0.004,0.419,14,31.2,22.4,5.2,1.8,3.7,10.5,20.9,1.1,0.9,2.1,0.142,-1.8,0.2,-1.7,0.1,138,267,0.517,0,1,0,138,266,0.519,0.517,70,112,0.625,94,198,292,23,27,32,37,125,346
"6","Alec Burks","UTA",10845506,"SG",25,42,0,653,11.6,0.501,0.306,0.315,3.1,17.7,10.6,7.5,1.4,0.6,11,22.7,-0.1,0.9,0.8,0.056,-3.3,-0.9,-4.2,-0.4,99,248,0.399,25,76,0.329,74,172,0.43,0.45,60,78,0.769,17,103,120,30,18,5,35,50,283
"7","Alex Abrines","OKC",5725000,"SG",23,68,6,1055,10.1,0.56,0.724,0.144,1.9,7.1,4.5,5.5,1.7,0.6,8.3,15.9,1.2,0.9,2.1,0.095,-0.3,-2.2,-2.5,-0.1,134,341,0.393,94,247,0.381,40,94,0.426,0.531,44,49,0.898,18,68,86,40,37,8,33,114,406
"8","Alex Len","PHO",4187599,"C",23,77,34,1560,15,0.553,0.026,0.449,10.6,25.3,17.8,4.2,1.1,5.1,15.5,17.6,1.2,1.7,3,0.091,-3,1.2,-1.8,0.1,230,463,0.497,3,12,0.25,227,451,0.503,0.5,150,208,0.721,156,354,510,44,37,98,102,242,613
"9","Alexis Ajinca","NOP",4961798,"C",28,39,15,584,12.9,0.529,0.022,0.225,8.3,23.8,16,3.1,1.7,3.1,13.7,17.2,0,0.9,1,0.08,-5.1,1,-4.1,-0.3,89,178,0.5,0,4,0,89,174,0.511,0.5,29,40,0.725,46,131,177,12,20,22,31,77,207
"10","Andre Drummond","DET",23775506,"C",23,81,81,2409,20.9,0.518,0.008,0.39,15.1,36.3,25.3,5.9,2.6,3.1,12.5,22.4,1.4,5.3,6.7,0.133,-2.1,2.9,0.8,1.7,483,911,0.53,2,7,0.286,481,904,0.532,0.531,137,355,0.386,345,771,1116,89,124,89,152,237,1105
"11","Andre Iguodala","GSW",14814815,"SF",33,76,0,1998,14.4,0.624,0.427,0.246,3,13.1,8.3,16.7,1.8,1.5,11.2,11.2,4.1,2.9,6.9,0.167,1.3,1.7,3,2.5,219,415,0.528,64,177,0.362,155,238,0.651,0.605,72,102,0.706,51,253,304,262,76,39,58,97,574
"12","Andre Roberson","OKC",9259259,"SF",25,79,79,2376,9.6,0.51,0.397,0.24,4.6,14.2,9.4,4.6,1.9,2.7,9.1,10.1,1.1,3.1,4.2,0.085,-2.1,2.1,0,1.2,215,463,0.464,45,184,0.245,170,279,0.609,0.513,47,111,0.423,98,304,402,79,94,79,51,204,522
"13","Andrew Harrison","MEM",1312611,"PG",22,72,18,1474,8.7,0.477,0.433,0.539,1.7,9,5.3,20,1.9,1.3,16,16.4,0,1.5,1.6,0.051,-2.4,0,-2.5,-0.2,117,360,0.325,43,156,0.276,74,204,0.363,0.385,148,194,0.763,23,113,136,198,54,20,85,194,425
"14","Andrew Wiggins","MIN",7574322,"SF",21,82,82,3048,16.5,0.534,0.184,0.345,3.9,8.8,6.3,10.6,1.4,0.8,9.4,29,3.3,0.9,4.2,0.066,0.2,-2.9,-2.7,-0.6,709,1570,0.452,103,289,0.356,606,1281,0.473,0.484,412,542,0.76,103,226,329,189,82,30,187,183,1933
"15","Anthony Davis","NOP",23775506,"C",23,75,75,2708,27.5,0.579,0.088,0.424,6.7,27.9,17.3,11.1,1.7,5.1,9.1,32.6,5.9,5.1,11,0.196,1.4,2.3,3.7,3.9,770,1527,0.504,40,134,0.299,730,1393,0.524,0.517,519,647,0.802,174,712,886,157,94,167,181,168,2099
"16","Anthony Tolliver","SAC",2e+06,"PF",31,65,9,1477,11.1,0.595,0.655,0.234,4,14.5,9.3,7.7,1.1,1.2,12.6,13.6,1.5,0.8,2.3,0.075,0.2,-0.8,-0.6,0.5,155,351,0.442,90,230,0.391,65,121,0.537,0.57,61,82,0.744,51,188,239,77,33,20,56,109,461
"17","Arron Afflalo","SAC",1500000,"SG",31,61,45,1580,9,0.559,0.36,0.221,0.7,8.4,4.6,7.4,0.7,0.4,8.4,14.4,1.2,0.2,1.4,0.043,-1.4,-2,-3.5,-0.6,185,420,0.44,62,151,0.411,123,269,0.457,0.514,83,93,0.892,9,116,125,78,21,7,42,104,515
"18","Austin Rivers","LAC",11825000,"SG",24,74,29,2054,11.4,0.545,0.409,0.261,1.1,7.5,4.4,15,1.2,0.4,12.4,20.3,1.2,1.3,2.5,0.059,-0.1,-1.5,-1.6,0.2,323,731,0.442,111,299,0.371,212,432,0.491,0.518,132,191,0.691,20,141,161,204,48,10,115,187,889
"19","Axel Toupane","NOP",25000,"SF",24,2,0,41,8.6,0.688,0.375,0,0,2.6,1.3,0,1.2,2,0,8.6,0.1,0,0.1,0.098,-1.9,-0.6,-2.5,0,5,8,0.625,1,3,0.333,4,5,0.8,0.688,0,0,NA,0,1,1,0,1,1,0,5,11
"20","Beno Udrih","DET",25000,"PG",34,39,0,560,16.1,0.535,0.162,0.173,1.1,10.3,5.6,35.4,1.2,0,14.9,19.7,0.8,0.5,1.3,0.111,-0.5,-2.1,-2.6,-0.1,92,197,0.467,11,32,0.344,81,165,0.491,0.495,32,34,0.941,6,51,57,131,13,0,37,29,227
"21","Bismack Biyombo","ORL",1.7e+07,"C",24,81,27,1793,12.2,0.546,0,0.69,9.3,25.6,17.2,6,0.7,4.1,17.7,13.2,0.8,2.1,2.9,0.077,-4.2,2,-2.2,-0.1,179,339,0.528,0,0,NA,179,339,0.528,0.528,125,234,0.534,157,410,567,74,25,91,95,202,483
"22","Bobby Brown","HOU",1524305,"PG",32,25,0,123,10.8,0.509,0.583,0.033,0,5.3,2.7,17.6,0.4,0,7.6,22.7,0.1,0,0.1,0.04,-1.5,-6.1,-7.6,-0.2,23,60,0.383,14,35,0.4,9,25,0.36,0.5,2,2,1,0,6,6,14,1,0,5,5,62
"23","Bobby Portis","CHI",1516320,"PF",21,64,13,1000,14.9,0.545,0.256,0.157,8,24,16,5.7,0.8,0.9,8.4,19.1,1.1,1.2,2.4,0.114,-1.6,-1.5,-3.1,-0.3,183,375,0.488,32,96,0.333,151,279,0.541,0.531,39,59,0.661,75,221,296,35,16,11,37,94,437
"24","Bradley Beal","WAS",23775506,"SG",23,77,77,2684,20.1,0.604,0.418,0.259,2.2,7.8,5,16.2,1.5,0.7,9.6,26.5,6.8,1.6,8.5,0.151,4.5,-2.4,2.2,2.8,637,1322,0.482,223,552,0.404,414,770,0.538,0.566,282,342,0.825,53,186,239,267,83,21,157,169,1779
"25","Brandan Wright","MEM",5179760,"PF",29,28,5,447,18.5,0.628,0.007,0.259,7.7,12.4,10,6,1.3,4.3,6.2,16.3,1.1,0.5,1.6,0.177,0,1.3,1.3,0.4,83,135,0.615,0,1,0,83,134,0.619,0.615,23,35,0.657,31,47,78,15,11,20,10,42,189
"26","Brandon Ingram","LAL",5519400,"SF",19,79,40,2279,8.5,0.474,0.273,0.312,2.8,12.8,7.6,10.5,1.1,1.3,12.9,16.8,-1,0.7,-0.3,-0.007,-3.1,-0.7,-3.8,-1.1,276,686,0.402,55,187,0.294,221,499,0.443,0.442,133,214,0.621,60,257,317,166,50,36,116,158,740
"27","Brandon Knight","PHO",13618750,"SG",25,54,5,1140,12.3,0.502,0.265,0.293,2.3,9.1,5.6,17.8,1.1,0.4,13.1,25,0.1,0.2,0.3,0.013,-1.5,-3,-4.5,-0.7,209,525,0.398,45,139,0.324,164,386,0.425,0.441,132,154,0.857,25,93,118,130,27,5,89,87,595
"28","Bryn Forbes","SAS",1312611,"SG",23,36,0,285,5.9,0.462,0.535,0.061,0.8,8.2,4.6,11.7,0.2,0,9.8,17.9,-0.2,0.2,0.1,0.014,-3.2,-2.8,-6,-0.3,36,99,0.364,17,53,0.321,19,46,0.413,0.449,5,6,0.833,2,21,23,23,1,0,11,20,94
"29","Buddy Hield","SAC",3675480,"SG",23,25,18,727,14.9,0.6,0.466,0.145,2.6,13.6,8.2,10.3,1.4,0.3,14.4,22.9,0.4,0.4,0.8,0.053,0.8,-2.2,-1.5,0.1,142,296,0.48,59,138,0.428,83,158,0.525,0.579,35,43,0.814,16,87,103,44,20,2,53,34,378
"30","C.J. McCollum","POR",23962573,"SG",25,80,80,2796,19.9,0.585,0.305,0.204,2.4,9.2,5.8,18,1.3,1.2,9.9,27.5,6.2,1.4,7.6,0.131,3.3,-2.2,1,2.1,692,1441,0.48,185,440,0.42,507,1001,0.506,0.544,268,294,0.912,60,231,291,285,72,42,172,202,1837
"31","C.J. Watson","ORL",333334,"PG",32,62,9,1012,9.3,0.507,0.423,0.266,1.7,8.1,4.8,16.1,2.1,0.2,14.5,14.1,0.2,0.6,0.9,0.041,-2.5,-1.1,-3.6,-0.4,96,248,0.387,32,105,0.305,64,143,0.448,0.452,57,66,0.864,16,73,89,114,43,2,47,84,281
"32","Cameron Payne","CHI",2203440,"PG",22,11,0,142,4,0.417,0.54,0.063,0.8,12.2,6.5,16.2,1.4,0,16.7,23.9,-0.4,0.1,-0.3,-0.087,-5,-2.5,-7.5,-0.2,21,63,0.333,11,34,0.324,10,29,0.345,0.421,1,4,0.25,1,16,17,15,4,0,13,14,54
"33","Caris LeVert","BRK",1632480,"SF",22,57,26,1237,12.2,0.556,0.484,0.245,2,13.9,8,13.7,1.9,0.5,12.3,16.6,0.8,1,1.8,0.07,-0.7,-0.4,-1.1,0.3,171,380,0.45,59,184,0.321,112,196,0.571,0.528,67,93,0.72,23,165,188,110,49,8,59,91,468
"34","Chandler Parsons","MEM",23112004,"SF",28,34,34,675,7.6,0.436,0.419,0.194,1,13.6,7.1,12.8,1.5,0.7,9.1,17.8,-0.5,0.7,0.2,0.016,-3.6,-0.5,-4,-0.3,75,222,0.338,25,93,0.269,50,129,0.388,0.394,35,43,0.814,6,78,84,55,20,5,24,52,210
"35","Chasson Randle","NYK",1312611,"PG",23,18,0,225,12.3,0.555,0.444,0.431,2.9,10.1,6.5,18,1.3,0.4,15.7,19.6,0.3,0.1,0.4,0.075,-0.5,-3,-3.4,-0.1,28,72,0.389,10,32,0.313,18,40,0.45,0.458,29,31,0.935,6,21,27,28,6,1,16,28,95
"36","Cheick Diallo","NOP",1312611,"PF",20,17,0,199,16.8,0.51,0,0.276,12.1,26.7,19.3,3.2,1,2.9,7.6,20.5,0.2,0.3,0.5,0.111,-4.6,-1,-5.6,-0.2,36,76,0.474,0,0,NA,36,76,0.474,0.474,15,21,0.714,23,50,73,4,4,7,7,17,87
"37","Chinanu Onuaku","HOU",1312611,"C",20,5,1,52,12.3,0.799,0,0.571,4.2,16.8,10.5,7.8,2.8,1.6,31.3,10.4,0.1,0.1,0.1,0.123,-2.4,1.8,-0.6,0,5,7,0.714,0,0,NA,5,7,0.714,0.714,4,4,1,2,8,10,3,3,1,4,6,14
"38","Chris McCullough","WAS",1471382,"PF",21,2,0,8,1.1,0.266,1,2,0,28.1,14.1,0,6.2,0,34.7,15.7,0,0,0,-0.163,-11.8,0.3,-11.5,0,0,1,0,0,1,0,0,0,NA,0,1,2,0.5,0,2,2,0,1,0,1,0,1
"39","Clint Capela","HOU",2334520,"C",22,65,59,1551,21.4,0.638,0,0.314,12.5,24.5,18.5,6.9,1.1,4.2,12,19.9,3.9,2.1,6,0.185,0,1,1,1.2,362,563,0.643,0,0,NA,362,563,0.643,0.643,94,177,0.531,178,348,526,64,34,80,87,179,818
"40","Cody Zeller","CHO",12584270,"PF",24,62,58,1725,16.7,0.604,0.002,0.442,8.6,17.3,12.9,9.1,1.8,3,10.9,15.5,3.4,2.2,5.6,0.157,-0.2,2.3,2.1,1.8,253,443,0.571,0,1,0,253,442,0.572,0.571,133,196,0.679,135,270,405,99,62,58,65,189,639
"41","Cole Aldrich","MIN",7300000,"C",28,62,0,531,12.7,0.549,0,0.256,11,23.9,17.4,6.4,2.4,3.7,15.1,9.4,0.6,0.7,1.3,0.116,-2,2.6,0.6,0.4,45,86,0.523,0,0,NA,45,86,0.523,0.523,15,22,0.682,51,107,158,25,25,23,17,85,105
"42","Corey Brewer","LAL",7579366,"SF",30,24,3,358,13.3,0.49,0.198,0.198,3.2,13,7.9,15,3.3,1.8,12.6,18,0,0.3,0.3,0.047,-2.4,0.7,-1.7,0,53,121,0.438,5,24,0.208,48,97,0.495,0.459,18,24,0.75,11,41,52,36,24,8,19,29,129
"43","Courtney Lee","NYK",11747890,"SG",31,77,74,2459,12.1,0.559,0.382,0.139,2.3,9.1,5.7,10.6,1.6,0.8,8.5,14.4,3.1,1.1,4.2,0.081,0.5,-0.7,-0.2,1.1,321,704,0.456,108,269,0.401,213,435,0.49,0.533,85,98,0.867,53,207,260,179,81,23,69,141,835
"44","Cristiano Felicio","CHI",7843500,"C",24,66,0,1040,15.2,0.601,0,0.419,12.8,19.5,16.1,5.7,1.2,1.2,11.2,12.4,2.1,1.3,3.4,0.157,-0.6,0.5,-0.1,0.5,128,222,0.577,0,0,NA,128,222,0.577,0.577,60,93,0.645,124,187,311,40,25,16,33,110,316
"45","D.J. Augustin","ORL",7250000,"PG",29,78,20,1538,11,0.524,0.53,0.311,1,7.4,4.1,20.4,1,0.1,13.3,19.4,0.7,0.5,1.2,0.038,-0.9,-3.3,-4.2,-0.9,195,517,0.377,95,274,0.347,100,243,0.412,0.469,131,161,0.814,15,102,117,209,31,1,90,101,616
"46","Damian Jones","GSW",1312611,"C",21,10,0,85,5.3,0.466,0,0.625,12.4,17,14.8,0,0.6,3.7,22.7,13.4,-0.1,0.1,0,0.018,-7.5,-2.1,-9.6,-0.2,8,16,0.5,0,0,NA,8,16,0.5,0.5,3,10,0.3,9,14,23,0,1,4,6,15,19
"47","Damian Lillard","POR",26153057,"PG",26,75,75,2694,24.1,0.586,0.388,0.366,1.9,13.3,7.6,28.7,1.3,0.6,10.2,31.5,8.8,1.5,10.3,0.184,6.4,-2,4.3,4.3,661,1488,0.444,214,578,0.37,447,910,0.491,0.516,488,545,0.895,46,322,368,439,68,20,197,152,2024
"48","Daniel Ochefu","WAS",50000,"C",23,19,0,75,6.6,0.43,0,0.074,7.6,25.4,16.5,5.8,1.3,0,9.7,18,-0.1,0.1,0,0.005,-6.5,-1.9,-8.4,-0.1,12,27,0.444,0,0,NA,12,27,0.444,0.444,0,2,0,5,17,22,3,2,0,3,17,24
"49","Danny Green","SAS",1e+07,"SG",29,68,68,1807,10.2,0.537,0.693,0.071,2,11.8,7,9.6,2,2.6,14.1,13.5,0.4,3,3.4,0.09,-0.3,2.7,2.4,2,176,449,0.392,118,311,0.379,58,138,0.42,0.523,27,32,0.844,31,193,224,124,71,58,76,120,497
"50","Dante Exum","UTA",4992385,"PG",21,66,26,1228,8.6,0.521,0.41,0.201,2.9,9.3,6.2,14.2,0.9,0.8,16.8,18.1,-0.1,1.3,1.2,0.047,-2,-0.5,-2.5,-0.1,155,363,0.427,44,149,0.295,111,214,0.519,0.488,58,73,0.795,30,102,132,112,21,12,80,146,412
"51","Dario Saric","PHI",2422560,"PF",22,81,36,2129,12.8,0.508,0.368,0.237,5.8,20.8,13.3,14.3,1.3,1.1,15.2,24.6,-1.2,2.2,1,0.023,-2,-0.2,-2.2,-0.1,381,927,0.411,106,341,0.311,275,586,0.469,0.468,172,220,0.782,112,401,513,182,57,30,183,162,1040
"52","Darrell Arthur","DEN",7464912,"PF",28,41,7,639,12.8,0.583,0.544,0.102,4.4,14.9,9.7,9.3,1.5,2.5,13.8,17.3,0.6,0.4,1.1,0.081,0.3,-0.6,-0.3,0.3,95,215,0.442,53,117,0.453,42,98,0.429,0.565,19,22,0.864,25,87,112,42,19,21,36,76,262
"53","David West","GSW",2328652,"C",36,68,0,854,16.6,0.571,0.032,0.222,6.4,18.8,13,24.1,2.4,4.4,22,17.9,0.9,1.7,2.6,0.148,-1.7,3.9,2.2,0.9,135,252,0.536,3,8,0.375,132,244,0.541,0.542,43,56,0.768,47,156,203,151,42,48,78,105,316
"54","Davis Bertans","SAS",1312611,"PF",24,67,6,808,12.9,0.609,0.739,0.145,3.2,10.6,6.9,8.3,1.3,2.8,11.4,15.7,1.1,1.2,2.3,0.135,1.2,0.5,1.7,0.8,103,234,0.44,69,173,0.399,34,61,0.557,0.588,28,34,0.824,22,77,99,46,20,28,32,75,303
"55","DeAndre Jordan","LAC",22642350,"C",28,81,81,2570,21.8,0.673,0.003,0.737,13.3,34.6,24.2,5.7,1,4.3,13.2,15.3,7.2,4.6,11.8,0.22,1,3,4,3.9,412,577,0.714,0,2,0,412,575,0.717,0.714,205,425,0.482,297,817,1114,96,52,135,116,212,1029
"56","DeAndre' Bembry","ATL",1567200,"SF",22,38,1,371,8.8,0.481,0.184,0.163,4.2,13.1,8.7,11.5,1.1,1.2,13.2,14.2,-0.1,0.4,0.3,0.038,-4.4,0.1,-4.3,-0.2,47,98,0.48,1,18,0.056,46,80,0.575,0.485,6,16,0.375,14,45,59,28,8,5,16,21,101
"57","Dejounte Murray","SAS",1312611,"PG",20,38,8,322,9.6,0.503,0.198,0.259,2.2,12.4,7.4,22.6,1.3,1.5,22.7,23.5,-0.4,0.5,0,0.004,-4.6,-0.2,-4.8,-0.2,50,116,0.431,9,23,0.391,41,93,0.441,0.47,21,30,0.7,6,36,42,48,8,6,38,29,130
"58","Delon Wright","TOR",1645200,"PG",24,27,0,446,15,0.535,0.259,0.474,4.1,8.1,6.1,18.2,3.1,2.1,15.1,16.6,0.5,0.6,1.1,0.117,-0.1,1.2,1.1,0.4,49,116,0.422,10,30,0.333,39,86,0.453,0.466,42,55,0.764,16,32,48,57,27,11,25,31,150
"59","DeMar DeRozan","TOR",27739975,"SG",27,74,74,2620,24,0.552,0.08,0.419,3,13.6,8.3,20.6,1.5,0.4,9,34.3,6.7,2.4,9,0.166,2.4,-1.5,0.9,1.9,721,1545,0.467,33,124,0.266,688,1421,0.484,0.477,545,647,0.842,70,316,386,290,78,13,180,134,2020
"60","DeMarcus Cousins","NOP",18063850,"C",26,17,17,574,23.3,0.564,0.306,0.385,6.9,32.2,19.5,20.6,2.1,2.7,14.4,33.1,0.5,1.1,1.6,0.137,2.1,2.8,4.9,1,142,314,0.452,36,96,0.375,106,218,0.486,0.51,94,121,0.777,38,174,212,66,25,19,62,75,414
"61","Demetrius Jackson","BOS",92858,"PG",22,5,0,17,30.8,0.753,0.25,1.5,13.2,13,13.1,28.2,0,0,0,17.3,0.1,0,0.1,0.386,9.2,-2.8,6.4,0,3,4,0.75,1,1,1,2,3,0.667,0.875,3,6,0.5,2,2,4,3,0,0,0,0,10
"62","Dennis Schroder","ATL",15500000,"PG",23,79,78,2485,16.1,0.533,0.242,0.21,1.9,9,5.5,35.5,1.5,0.6,16.3,27.8,1.2,2.5,3.7,0.071,0.7,-1.4,-0.7,0.8,548,1215,0.451,100,294,0.34,448,921,0.486,0.492,218,255,0.855,42,206,248,499,74,16,258,149,1414
"63","Denzel Valentine","CHI",2186400,"SG",23,57,0,976,7.3,0.492,0.722,0.063,1.2,15.6,8.3,9.3,1.5,0.6,14.2,15.4,-0.5,1.1,0.6,0.031,-2.4,-0.4,-2.8,-0.2,102,288,0.354,73,208,0.351,29,80,0.363,0.481,14,18,0.778,11,140,151,63,30,7,49,86,291
"64","Derrick Favors","UTA",1.2e+07,"PF",25,50,39,1186,15.8,0.512,0.024,0.261,9.2,20.2,14.9,7.9,2,2.7,11.4,20.7,0.5,2.2,2.7,0.109,-2.4,2.3,-0.1,0.6,203,417,0.487,3,10,0.3,200,407,0.491,0.49,67,109,0.615,92,213,305,56,45,40,60,103,476
"65","Derrick Jones","PHO",1312611,"SF",19,32,8,545,12,0.604,0.091,0.339,7.6,8.2,7.9,3.1,1.2,1.9,8.6,11.7,0.9,0.2,1.1,0.098,-0.5,-0.5,-1.1,0.1,68,121,0.562,3,11,0.273,65,110,0.591,0.574,29,41,0.707,39,40,79,12,14,13,13,63,168
"66","Devin Booker","PHO",2319360,"SG",20,78,78,2730,14.6,0.531,0.283,0.308,1.8,8.3,5,16.3,1.3,0.6,12.9,28.6,1.4,0.6,2,0.035,0.4,-2.7,-2.3,-0.2,606,1431,0.423,147,405,0.363,459,1026,0.447,0.475,367,441,0.832,46,203,249,268,72,21,241,242,1726
"67","Deyonta Davis","MEM",1312611,"C",20,36,0,238,10.6,0.528,0,0.383,9.3,19.8,14.4,1.3,0.7,6.8,12.7,12,0.1,0.4,0.5,0.097,-5.4,1.8,-3.6,-0.1,24,47,0.511,0,0,NA,24,47,0.511,0.511,10,18,0.556,20,40,60,2,3,17,8,40,58
"68","Dion Waiters","MIA",1.1e+07,"SG",25,46,43,1384,14.5,0.507,0.324,0.192,1.4,11,6.2,23.8,1.5,1.1,12.5,26.3,0.2,1.5,1.6,0.057,0,-0.8,-0.8,0.4,281,663,0.424,85,215,0.395,196,448,0.438,0.488,82,127,0.646,18,136,154,200,41,20,103,95,729
"69","Dirk Nowitzki","DAL",5e+06,"PF",38,54,54,1424,17,0.529,0.308,0.165,1.8,28.3,14.4,10.6,1.1,2.4,6.6,25.8,0.6,1.9,2.5,0.084,-1.6,0.3,-1.3,0.2,296,678,0.437,79,209,0.378,217,469,0.463,0.495,98,112,0.875,23,330,353,82,30,38,51,113,769
"70","Dorian Finney-Smith","DAL",1312611,"PF",23,81,35,1642,7.7,0.486,0.574,0.183,3.7,12.3,7.8,6,1.6,1.4,11.1,11.6,-0.1,1.5,1.4,0.041,-2.8,1.3,-1.5,0.2,124,333,0.372,56,191,0.293,68,142,0.479,0.456,46,61,0.754,55,166,221,67,52,25,45,125,350
"71","Dragan Bender","PHO",4468800,"PF",19,43,0,574,5.3,0.44,0.627,0.068,4.2,15.6,9.7,5.5,0.8,3.1,16.2,14.4,-0.7,0.3,-0.3,-0.029,-4,-0.3,-4.3,-0.3,57,161,0.354,28,101,0.277,29,60,0.483,0.441,4,11,0.364,23,80,103,23,10,22,32,74,146
"72","Draymond Green","GSW",16400000,"PF",26,76,76,2471,16.5,0.522,0.405,0.328,4.6,20.9,13.3,27.6,3,3.4,19.8,16.2,2.8,5.4,8.2,0.16,0.4,5,5.4,4.6,272,650,0.418,81,263,0.308,191,387,0.494,0.481,151,213,0.709,98,501,599,533,154,106,184,217,776
"73","Dwight Powell","DAL",9003125,"C",25,77,3,1333,17.6,0.588,0.196,0.374,7.7,19.5,13.3,6.1,2.4,2.6,7.2,16.7,2.7,1.9,4.6,0.165,-0.5,1.9,1.4,1.2,194,377,0.515,21,74,0.284,173,303,0.571,0.542,107,141,0.759,93,213,306,49,61,39,34,135,516
"74","Dwyane Wade","CHI",15550000,"SG",35,60,59,1792,18.5,0.508,0.152,0.294,3.8,12.6,8.2,22.4,2.4,1.8,11.3,29.6,0.9,2.5,3.4,0.09,0.4,0.6,1,1.4,414,955,0.434,45,145,0.31,369,810,0.456,0.457,223,281,0.794,64,207,271,229,86,41,138,112,1096
"75","E'Twaun Moore","NOP",8445024,"SG",27,73,22,1820,12.1,0.537,0.336,0.12,1.9,6.9,4.4,13.8,1.3,1.4,8.7,17.4,1.2,1.5,2.7,0.07,-0.8,-0.5,-1.3,0.3,283,619,0.457,77,208,0.37,206,411,0.501,0.519,57,74,0.77,33,119,152,164,50,32,62,131,700
"76","Ed Davis","POR",6352531,"PF",27,46,12,789,11.5,0.563,0,0.57,13.4,20.7,17.1,4.8,0.9,2.2,17.2,12,1,0.7,1.7,0.104,-2.2,0.2,-2,0,75,142,0.528,0,0,NA,75,142,0.528,0.528,50,81,0.617,96,147,243,27,15,22,37,137,200
"77","Eric Gordon","HOU",12943020,"SG",28,75,15,2323,13.1,0.557,0.651,0.172,1.4,8.1,4.7,12.3,1,1.4,10,22.1,2.5,1.4,3.8,0.079,1,-2.4,-1.4,0.4,412,1016,0.406,246,661,0.372,166,355,0.468,0.527,147,175,0.84,29,172,201,188,48,40,121,150,1217
"78","Ersan Ilyasova","ATL",6e+06,"PF",29,26,12,633,13.5,0.53,0.407,0.288,7.4,18.7,13.1,10.6,1.7,1.1,11.8,19.9,0.5,0.9,1.4,0.106,-0.6,0.5,-0.2,0.3,93,226,0.412,32,92,0.348,61,134,0.455,0.482,52,65,0.8,42,109,151,43,22,8,34,73,270
"79","Ersan Ilyasova","PHI",502328,"PF",29,53,40,1447,15.4,0.553,0.46,0.219,5.4,18.5,12,11.5,1.1,0.8,9.9,23.6,1.4,1.3,2.6,0.087,0.9,-1.3,-0.4,0.6,285,648,0.44,107,298,0.359,178,350,0.509,0.522,109,142,0.768,71,243,314,97,33,14,78,133,786
"80","Evan Fournier","ORL",1.7e+07,"SG",24,68,66,2234,13.9,0.555,0.387,0.298,2.1,8.3,5.1,14.8,1.5,0.1,11.8,23.5,1.7,1.1,2.8,0.059,0.8,-2.2,-1.3,0.4,408,930,0.439,128,360,0.356,280,570,0.491,0.508,223,277,0.805,44,165,209,202,66,4,141,180,1167
"81","Evan Turner","POR",17131148,"SF",28,65,12,1658,11.4,0.491,0.214,0.187,2.4,14.2,8.3,18.4,1.6,1.2,14.3,18.5,0,1.2,1.2,0.035,-2.5,-0.1,-2.6,-0.3,235,552,0.426,31,118,0.263,204,434,0.47,0.454,85,103,0.825,36,211,247,205,53,24,100,121,586
"82","Frank Kaminsky","CHO",2847600,"C",23,75,16,1954,13,0.502,0.441,0.195,3.2,15.8,9.5,13.5,1.2,1.5,8,21.8,0.4,1.9,2.3,0.056,-0.8,-0.7,-1.5,0.2,320,802,0.399,116,354,0.328,204,448,0.455,0.471,118,156,0.756,57,279,336,162,47,34,76,139,874
"83","Fred VanVleet","TOR",1312611,"PG",22,37,0,294,10.5,0.443,0.261,0.198,1.5,14.6,8.1,17.5,2.9,0.6,11.1,20.6,-0.1,0.4,0.3,0.041,-3.1,-0.1,-3.2,-0.1,39,111,0.351,11,29,0.379,28,82,0.341,0.401,18,22,0.818,4,38,42,35,17,2,15,36,107
"84","Garrett Temple","SAC",8e+06,"SG",30,65,21,1728,11.2,0.545,0.509,0.171,2.2,10,6.1,14.5,2.5,1.5,14.4,14.2,0.9,1.3,2.2,0.062,-0.3,0.6,0.3,1,183,432,0.424,82,220,0.373,101,212,0.476,0.519,58,74,0.784,32,151,183,169,84,28,78,141,506
"85","Gary Harris","DEN",2550055,"SG",22,57,56,1782,16.5,0.611,0.4,0.21,3,8,5.5,13.6,1.9,0.3,9.8,18.4,3.9,0.7,4.6,0.124,3.1,-1.6,1.5,1.6,320,637,0.502,107,255,0.42,213,382,0.558,0.586,104,134,0.776,48,130,178,164,71,8,76,92,851
"86","Gary Payton","MIL",50000,"PG",24,6,0,99,4.5,0.413,0.409,0.227,0,14,7.1,18.1,1.5,3.6,29.2,15.8,-0.3,0.1,-0.2,-0.074,-7.3,0.6,-6.7,-0.1,8,22,0.364,1,9,0.111,7,13,0.538,0.386,3,5,0.6,0,12,12,13,3,4,10,9,20
"87","Georges Niang","IND",1e+05,"PF",23,23,0,93,0.1,0.285,0.333,0.056,2.4,17.9,10.3,7.5,1.6,0,11.9,20.2,-0.4,0.1,-0.3,-0.168,-9.9,-2.2,-12.1,-0.2,9,36,0.25,1,12,0.083,8,24,0.333,0.264,2,2,1,2,15,17,5,3,0,5,6,21
"88","Georgios Papagiannis","SAC",2301360,"C",19,22,0,355,12.7,0.573,0.02,0.137,7.9,19.9,14,9,0.4,4.4,18.2,16.9,0.1,0.3,0.4,0.058,-3.5,0.8,-2.7,-0.1,56,102,0.549,0,2,0,56,100,0.56,0.549,12,14,0.857,24,62,86,20,3,17,24,44,124
"89","Gerald Henderson","PHI",1e+06,"SG",29,72,41,1667,10.8,0.529,0.313,0.298,2.2,10,6.1,10.5,1.2,0.7,9,17.9,1,1,2.1,0.059,-1.8,-1.2,-3.1,-0.5,234,553,0.423,61,173,0.353,173,380,0.455,0.478,133,165,0.806,34,151,185,112,41,15,62,129,662
"90","Giannis Antetokounmpo","MIL",22471910,"SF",22,80,80,2845,26.1,0.599,0.143,0.486,5.9,22.6,14.3,26.6,2.3,4.7,13.3,28.3,7.9,4.5,12.4,0.21,4.1,3.5,7.6,6.9,656,1259,0.521,49,180,0.272,607,1079,0.563,0.541,471,612,0.77,142,558,700,434,131,151,234,246,1832
"91","Glenn Robinson","IND",1524305,"SF",23,69,27,1426,11.5,0.564,0.37,0.225,4.5,14.6,9.6,4.7,1.4,1.2,9.1,12.8,1.3,1.2,2.5,0.085,-1.2,-0.2,-1.4,0.2,158,338,0.467,49,125,0.392,109,213,0.512,0.54,54,76,0.711,57,188,245,47,41,20,37,63,419
"92","Goran Dragic","MIA",17000450,"PG",30,73,73,2459,19.7,0.575,0.257,0.335,2.7,9.9,6.3,29,1.8,0.4,14.1,27.1,5,2.6,7.5,0.147,3.4,-0.7,2.7,2.9,534,1124,0.475,117,289,0.405,417,835,0.499,0.527,298,377,0.79,61,217,278,423,89,13,212,199,1483
"93","Gorgui Dieng","MIN",14112360,"PF",27,82,82,2653,14.2,0.555,0.065,0.253,8.1,20.5,14.2,8.6,1.7,3.1,12.7,14,3.2,2.5,5.7,0.103,-0.5,2.2,1.7,2.5,332,661,0.502,16,43,0.372,316,618,0.511,0.514,136,167,0.814,188,459,647,158,88,95,107,254,816
"94","Harrison Barnes","DAL",23112004,"PF",24,79,79,2803,16.3,0.541,0.173,0.22,3.7,13.2,8.2,7.8,1.2,0.5,6.8,25.3,2.5,2.1,4.6,0.079,-0.7,-1.2,-1.9,0.1,599,1280,0.468,78,222,0.351,521,1058,0.492,0.498,242,281,0.861,94,303,397,117,66,15,102,128,1518
"95","Hassan Whiteside","MIA",23775506,"C",27,77,77,2513,22.6,0.579,0,0.368,12.8,35.3,24,3.8,1.1,5,12,22.7,4.2,5.3,9.5,0.181,-2,1.5,-0.5,0.9,542,973,0.557,0,0,NA,542,973,0.557,0.557,225,358,0.628,293,795,1088,57,56,161,154,226,1309
"96","Henry Ellenson","DET",1780800,"PF",20,19,2,146,7.5,0.444,0.547,0.125,5.8,25.6,15.3,7.2,0.3,0.6,17.2,24.7,-0.4,0.2,-0.2,-0.071,-5.8,-2.4,-8.2,-0.2,23,64,0.359,10,35,0.286,13,29,0.448,0.438,4,8,0.5,8,33,41,7,1,1,14,6,60
"97","Ian Mahinmi","WAS",16661641,"C",30,31,0,555,14.1,0.601,0,0.676,9.6,20.8,15.2,4.7,2.9,3.6,19.1,14,0.5,0.9,1.4,0.123,-2.1,2.9,0.8,0.4,65,111,0.586,0,0,NA,65,111,0.586,0.586,43,75,0.573,47,103,150,19,33,24,34,90,173
"98","Isaiah Canaan","CHI",2e+05,"SG",25,39,0,592,8.1,0.483,0.543,0.191,1.1,7.9,4.5,9,1.9,0.1,9.6,15.3,0,0.5,0.5,0.044,-2.2,-1.2,-3.4,-0.2,63,173,0.364,25,94,0.266,38,79,0.481,0.436,30,33,0.909,6,43,49,37,22,1,20,35,181
"99","Isaiah Whitehead","BRK",1312611,"PG",21,73,26,1643,7.5,0.487,0.293,0.222,2.1,9.7,5.9,17.7,1.2,1.7,20.3,18.2,-1.7,0.9,-0.8,-0.023,-4.3,-0.6,-4.9,-1.2,204,508,0.402,44,149,0.295,160,359,0.446,0.445,91,113,0.805,32,152,184,192,42,36,142,175,543
"100","Ish Smith","DET",6e+06,"PG",28,81,32,1955,14.7,0.477,0.14,0.136,1.1,12.4,6.6,32.5,1.6,1.4,12.4,20.5,0.9,2.2,3.1,0.076,-1.2,0.4,-0.8,0.6,329,749,0.439,28,105,0.267,301,644,0.467,0.458,72,102,0.706,21,214,235,418,61,33,112,127,758
"101","Ivica Zubac","LAL",1312611,"C",19,38,11,609,17,0.547,0.013,0.206,7.1,21.9,14.3,8.1,1.1,4.4,10.4,20.3,0.6,0.5,1.1,0.086,-2.7,0.3,-2.5,-0.1,126,238,0.529,0,3,0,126,235,0.536,0.529,32,49,0.653,41,118,159,30,14,33,30,66,284
"102","J.J. Barea","DAL",3903900,"PG",32,35,6,771,17.2,0.521,0.431,0.149,1.3,11.9,6.3,44.2,0.9,0.1,14.7,26.2,0.8,0.5,1.3,0.08,2,-2.6,-0.6,0.3,142,343,0.414,53,148,0.358,89,195,0.456,0.491,44,51,0.863,9,75,84,193,14,1,63,30,381
"103","J.R. Smith","CLE",13760000,"SG",31,41,35,1187,8.1,0.484,0.761,0.042,1.6,8.6,5.2,7.3,1.7,0.7,6.7,14.6,0.1,0.8,0.8,0.034,-0.5,-0.7,-1.3,0.2,123,356,0.346,95,271,0.351,28,85,0.329,0.479,10,15,0.667,17,96,113,62,40,11,26,77,351
"104","Jabari Parker","MIL",6782392,"PF",21,51,50,1728,19.1,0.563,0.219,0.268,5.4,15.7,10.6,14.3,1.5,1.1,9.2,26.5,2.6,1.5,4.1,0.113,1.5,-1.3,0.3,1,399,814,0.49,65,178,0.365,334,636,0.525,0.53,162,218,0.743,79,235,314,142,51,22,92,111,1025
"105","Jake Layman","POR",1312611,"SF",22,35,1,249,4.9,0.404,0.573,0.191,2.7,8,5.3,6.2,1.8,1,10.2,19,-0.4,0.1,-0.3,-0.054,-4.7,-2.7,-7.4,-0.3,26,89,0.292,13,51,0.255,13,38,0.342,0.365,13,17,0.765,6,18,24,11,9,3,11,22,78
"106","Jakob Poeltl","TOR",2825640,"C",21,54,4,626,12.2,0.589,0,0.496,14.1,15.7,14.9,2.7,1.4,2.8,17.2,12.1,0.9,0.7,1.6,0.125,-1.2,0.5,-0.7,0.2,67,115,0.583,0,0,NA,67,115,0.583,0.583,31,57,0.544,78,87,165,12,17,20,29,113,165
"107","Jamal Murray","DEN",3355320,"SG",19,82,10,1764,11.9,0.518,0.471,0.164,2.6,10.7,6.7,14,1.4,1.1,12.6,21.6,0.6,0.7,1.4,0.037,-0.5,-2.1,-2.6,-0.3,295,730,0.404,115,344,0.334,180,386,0.466,0.483,106,120,0.883,41,173,214,170,52,24,113,124,811
"108","Jameer Nelson","DEN",4736050,"PG",34,75,39,2045,11.4,0.544,0.452,0.104,1.5,8.8,5.2,26,1.3,0.3,17,15.8,2.3,0.5,2.8,0.065,0.3,-2.3,-2,0,268,604,0.444,106,273,0.388,162,331,0.489,0.531,45,63,0.714,28,164,192,385,53,8,129,197,687
"109","James Harden","HOU",28299399,"PG",27,81,81,2947,27.3,0.613,0.493,0.575,3.5,20.9,12.2,50.7,2,1,19.5,34.2,11.5,3.6,15,0.245,8.7,1.5,10.1,9,674,1533,0.44,262,756,0.347,412,777,0.53,0.525,746,881,0.847,95,564,659,906,120,37,464,215,2356
"110","James Johnson","MIA",13954000,"PF",29,76,5,2085,17,0.564,0.333,0.28,3.5,16.6,9.9,20.9,1.8,3.2,16.5,22,1.9,3.2,5.1,0.117,0.5,2.2,2.7,2.5,368,769,0.479,87,256,0.34,281,513,0.548,0.535,152,215,0.707,66,309,375,276,76,86,171,197,975
"111","JaMychal Green","MEM",8533333,"PF",26,77,75,2101,13.5,0.601,0.29,0.334,8.8,21.1,14.8,6.3,1.1,1.5,14.1,14.4,3.1,2.6,5.8,0.131,-0.4,1,0.6,1.4,250,500,0.5,55,145,0.379,195,355,0.549,0.555,134,167,0.802,167,377,544,84,46,34,94,248,689
"112","Jared Dudley","PHO",1e+07,"PF",31,64,7,1362,10.6,0.579,0.587,0.188,2.4,15.9,9,12.5,1.5,0.9,16.1,13.7,1.1,0.7,1.8,0.065,-0.1,-0.1,-0.2,0.6,157,346,0.454,77,203,0.379,80,143,0.559,0.565,43,65,0.662,31,194,225,121,42,16,72,154,434
"113","Jarell Martin","MEM",1471382,"PF",22,42,3,558,8.7,0.477,0.166,0.331,8.4,25.3,16.6,2.2,1.6,1.5,13.9,16.4,-0.2,0.8,0.6,0.054,-5.8,-0.6,-6.4,-0.6,58,151,0.384,9,25,0.36,49,126,0.389,0.414,40,50,0.8,42,120,162,8,17,9,28,91,165
"114","Jason Smith","WAS",5225000,"C",30,74,3,1068,13.6,0.598,0.237,0.155,6.8,20.4,13.6,5,1,4.3,14.2,16.7,1,1.3,2.3,0.103,-2,0.6,-1.3,0.2,174,329,0.529,37,78,0.474,137,251,0.546,0.585,35,51,0.686,64,194,258,37,21,55,58,168,420
"115","Jason Terry","MIL",2328652,"SG",39,74,0,1365,9,0.6,0.704,0.119,1.3,7.7,4.5,9.9,1.7,1.3,12.3,9.8,1.2,0.9,2.1,0.075,-0.5,-0.6,-1.1,0.3,105,243,0.432,73,171,0.427,32,72,0.444,0.582,24,29,0.828,15,91,106,98,45,20,36,95,307
"116","JaVale McGee","GSW",2116955,"C",29,77,10,739,25.2,0.642,0.013,0.348,15.8,20.1,18.1,3.8,1.2,7.1,9.8,23.8,2,1.5,3.5,0.225,0.2,0.6,0.8,0.5,208,319,0.652,0,4,0,208,315,0.66,0.652,56,111,0.505,100,144,244,17,19,67,40,109,472
"117","Jaylen Brown","BOS",4956480,"SF",20,78,20,1341,10.3,0.539,0.319,0.293,3.8,14.4,9.1,7.2,1.3,1.1,12.5,18.1,0.2,1.3,1.5,0.053,-3.1,-0.9,-4,-0.7,192,423,0.454,46,135,0.341,146,288,0.507,0.508,85,124,0.685,45,175,220,64,35,18,68,142,515
"118","Jerami Grant","OKC",1524305,"SF",22,78,4,1490,10.3,0.566,0.367,0.447,2.8,12,7.4,4.3,1.1,4,9.9,11.8,1.3,1.7,3,0.098,-2.7,1,-1.7,0.1,146,311,0.469,43,114,0.377,103,197,0.523,0.539,86,139,0.619,38,161,199,46,33,75,41,144,421
"119","Jeremy Lamb","CHO",7e+06,"SG",24,62,5,1143,17,0.55,0.297,0.263,2.9,22.7,12.7,11.3,1.2,1.8,6.8,23.2,1.4,1.3,2.7,0.115,-0.8,-0.8,-1.7,0.1,226,491,0.46,41,146,0.281,185,345,0.536,0.502,110,129,0.853,30,234,264,75,27,23,40,98,603
"120","Jeremy Lin","BRK",1.2e+07,"PG",28,36,33,883,19.2,0.566,0.39,0.353,1.3,14.7,8.1,35.5,2.2,1.2,15.7,26.6,1.3,0.8,2.1,0.115,2.5,-0.5,2,0.9,175,400,0.438,58,156,0.372,117,244,0.48,0.51,115,141,0.816,11,124,135,184,41,14,86,79,523
"121","Jerian Grant","CHI",1713840,"PG",24,63,28,1028,13.1,0.555,0.445,0.243,1.8,9.9,5.8,17.3,2.3,0.6,11.7,16,1.3,1.2,2.5,0.118,0,-0.3,-0.3,0.4,128,301,0.425,49,134,0.366,79,167,0.473,0.507,65,73,0.89,17,94,111,120,47,8,44,93,370
"122","Jerryd Bayless","PHI",9e+06,"PG",28,3,1,71,8.7,0.453,0.156,0.313,4.6,14,9.3,29.4,0,0,19.8,27.7,-0.1,0,-0.1,-0.067,-5.2,-2.9,-8.2,-0.1,11,32,0.344,2,5,0.4,9,27,0.333,0.375,9,10,0.9,3,9,12,13,0,0,9,4,33
"123","Joakim Noah","NYK",17765000,"C",31,46,46,1015,15.2,0.493,0.005,0.388,17,25.7,21.3,14.1,1.5,3,19.8,12.5,1.1,1.2,2.3,0.107,-0.7,2.8,2.1,1.1,99,201,0.493,0,1,0,99,200,0.495,0.493,34,78,0.436,161,241,402,103,30,37,58,127,232
"124","Joe Harris","BRK",1524305,"SG",25,52,11,1138,9,0.558,0.61,0.135,1.5,12,6.8,7.3,1.2,0.5,12.5,16.5,0.1,0.6,0.8,0.032,-1.4,-1.5,-3,-0.3,154,362,0.425,85,221,0.385,69,141,0.489,0.543,35,49,0.714,16,131,147,54,30,8,55,121,428
"125","Joe Ingles","UTA",14136364,"SF",29,82,26,1972,12.4,0.604,0.619,0.151,1.4,13.5,7.6,17.1,2.6,0.3,18.2,13.9,2,3,5,0.122,0.9,1.8,2.7,2.3,204,451,0.452,123,279,0.441,81,172,0.471,0.589,50,68,0.735,23,237,260,224,96,8,107,163,581
"126","Joe Young","IND",1471382,"PG",24,33,0,135,11.4,0.433,0.319,0.208,0.8,13.1,7.1,18,1.5,0,6,27.8,-0.2,0.1,-0.1,-0.022,-3.5,-3.8,-7.3,-0.2,26,72,0.361,5,23,0.217,21,49,0.429,0.396,11,15,0.733,1,16,17,15,4,0,5,5,68
"127","Joel Bolomboy","UTA",1312611,"PF",23,12,0,53,19.7,0.59,0.25,0.375,9,27.6,18.5,6.3,1,3.1,9.7,18.2,0.1,0.1,0.2,0.171,-1.3,0.5,-0.8,0,9,16,0.563,1,4,0.25,8,12,0.667,0.594,3,6,0.5,4,13,17,2,1,2,2,1,22
"128","Joel Embiid","PHI",6100266,"C",22,31,31,786,24.1,0.584,0.228,0.569,8.5,25.6,17,16,1.7,7.7,17.9,36,0.5,1.5,1.9,0.117,0,3.2,3.2,1,200,429,0.466,36,98,0.367,164,331,0.495,0.508,191,244,0.783,61,182,243,66,27,76,117,112,627
"129","John Henson","MIL",11422536,"C",26,58,39,1123,15.3,0.55,0.003,0.346,9.6,20.8,15.3,7.7,1.3,6.1,13,16.6,1.1,1.6,2.7,0.115,-2.6,2.5,-0.1,0.5,159,309,0.515,0,1,0,159,308,0.516,0.515,74,107,0.692,92,203,295,57,29,78,53,151,392
"130","John Wall","WAS",18063850,"PG",26,78,78,2836,23.2,0.541,0.19,0.367,2.3,10.6,6.5,46.9,2.7,1.4,16.2,30.6,5.7,3,8.8,0.148,3.8,0.2,4,4.3,647,1435,0.451,89,272,0.327,558,1163,0.48,0.482,422,527,0.801,58,268,326,831,157,49,323,151,1805
"131","Jon Leuer","DET",10497319,"PF",27,75,34,1944,14.2,0.551,0.259,0.175,5.5,17.5,11.3,8.6,0.8,1.1,8.7,17.3,2.5,2,4.5,0.112,-0.4,0.5,0.2,1.1,310,646,0.48,49,167,0.293,261,479,0.545,0.518,98,113,0.867,102,300,402,111,31,26,66,145,767
"132","Jonas Valanciunas","TOR",15460675,"C",24,80,80,2066,20.1,0.601,0.003,0.309,12.4,29.1,20.8,4.4,0.9,2.6,11.7,19.5,4.9,3,7.9,0.183,-0.5,-0.1,-0.6,0.7,391,702,0.557,1,2,0.5,390,700,0.557,0.558,176,217,0.811,226,533,759,57,37,63,106,216,959
"133","Jordan Crawford","NOP",250000,"SG",28,19,0,442,17.6,0.582,0.436,0.119,0.9,7.2,4.1,22.7,1.2,0.4,9.8,25.5,0.6,0.3,0.9,0.102,2.6,-3,-0.4,0.2,105,218,0.482,37,95,0.389,68,123,0.553,0.567,20,26,0.769,4,30,34,57,11,2,25,30,267
"134","Josh Huestis","OKC",1471382,"PF",25,2,0,31,26.1,0.612,0.364,0.091,14.3,17.9,16.1,15.5,0,7.7,0,15.7,0.1,0,0.2,0.265,3.9,1.8,5.7,0.1,6,11,0.545,2,4,0.5,4,7,0.571,0.636,0,1,0,4,5,9,3,0,3,0,0,14
"135","Josh Richardson","MIA",1471382,"SG",23,53,34,1614,10.7,0.493,0.442,0.15,2.4,9.2,5.8,12.7,1.9,1.9,10.6,16.8,0.3,1.9,2.2,0.066,-1,1.1,0.2,0.9,202,513,0.394,75,227,0.33,127,286,0.444,0.467,60,77,0.779,35,133,168,140,60,39,65,132,539
"136","Jrue Holiday","NOP",25686667,"PG",26,67,61,2190,17.1,0.532,0.314,0.188,2.2,10.6,6.4,35.9,2.2,1.6,16.7,23.5,1.2,2.6,3.8,0.084,1.2,0.5,1.7,2,405,894,0.453,100,281,0.356,305,613,0.498,0.509,119,168,0.708,46,218,264,488,100,43,194,133,1029
"137","Juan Hernangomez","DEN",2076840,"PF",21,62,9,842,13.3,0.592,0.504,0.339,5.7,18.7,12.3,4.7,1.7,1.1,10.7,14.6,1.2,0.6,1.8,0.103,-0.1,-1.2,-1.3,0.1,101,224,0.451,46,113,0.407,55,111,0.495,0.554,57,76,0.75,43,144,187,29,29,12,31,62,305
"138","Julius Randle","LAL",4149242,"PF",22,74,73,2132,16.3,0.543,0.082,0.365,7.5,25.8,16.3,19.3,1.1,1.4,16.2,21.4,2,1.5,3.5,0.08,-0.7,0.7,0,1.1,377,773,0.488,17,63,0.27,360,710,0.507,0.499,204,282,0.723,151,485,636,264,49,37,173,248,975
"139","Justin Anderson","PHI",1579440,"SF",23,24,8,518,12.8,0.564,0.444,0.253,6.4,14.1,10.2,10.4,1.2,1.1,12.6,17.2,0.5,0.4,0.9,0.084,-0.4,-0.6,-1,0.1,75,162,0.463,21,72,0.292,54,90,0.6,0.528,32,41,0.78,30,66,96,34,13,7,26,45,203
"140","Justise Winslow","MIA",2705040,"SF",20,18,15,625,8.2,0.399,0.156,0.209,4,12.7,8.3,15.5,2.2,0.8,11.8,19.8,-0.9,0.8,-0.1,-0.008,-4,1.3,-2.7,-0.1,80,225,0.356,7,35,0.2,73,190,0.384,0.371,29,47,0.617,23,71,94,66,27,6,33,52,196
"141","Jusuf Nurkic","POR",2947305,"C",22,20,19,584,21.1,0.545,0.004,0.411,12.3,27.1,19.7,17.7,2.1,5.2,18.2,25.7,0.4,1,1.4,0.116,-1.1,3.8,2.7,0.7,120,236,0.508,0,1,0,120,235,0.511,0.508,64,97,0.66,65,142,207,63,25,38,62,73,304
"142","Karl-Anthony Towns","MIN",6216840,"C",21,82,82,3030,26,0.618,0.186,0.289,11.2,27.8,19.4,13.2,1,2.9,11.3,27.5,9.9,2.8,12.7,0.201,4.8,0.3,5,5.4,802,1479,0.542,101,275,0.367,701,1204,0.582,0.576,356,428,0.832,296,711,1007,220,57,103,212,241,2061
"143","Kawhi Leonard","SAS",18868625,"SF",25,74,74,2474,27.5,0.611,0.294,0.407,3.7,15.7,9.8,18.9,2.7,1.8,9.1,31.1,8.9,4.7,13.6,0.264,6.4,1.5,7.9,6.2,636,1311,0.485,147,386,0.381,489,925,0.529,0.541,469,533,0.88,80,350,430,260,132,55,154,122,1888
"144","Kelly Oubre","WAS",2093040,"SF",21,79,5,1605,9.1,0.516,0.425,0.224,4.3,13.9,9.1,4,1.8,0.9,9.2,14.5,0.6,1.4,2.1,0.062,-1.8,-0.5,-2.3,-0.1,186,442,0.421,54,188,0.287,132,254,0.52,0.482,75,99,0.758,61,199,260,47,58,17,49,195,501
"145","Kemba Walker","CHO",1.2e+07,"PG",26,79,79,2739,21.3,0.569,0.415,0.248,1.8,10.6,6.2,29.1,1.6,0.7,9.5,29.2,5.9,2.2,8.1,0.142,5.3,-1.7,3.6,3.9,643,1449,0.444,240,602,0.399,403,847,0.476,0.527,304,359,0.847,45,263,308,435,85,22,168,119,1830
"146","Kenneth Faried","DEN",12921348,"PF",27,61,34,1296,20.3,0.588,0.014,0.454,15.7,23.6,19.7,6.3,1.6,2.4,10.4,18.3,3.4,1.2,4.6,0.169,0.9,-0.1,0.8,0.9,228,416,0.548,0,6,0,228,410,0.556,0.548,131,189,0.693,182,279,461,55,43,40,58,124,587
"147","Kent Bazemore","ATL",16910113,"SF",27,73,64,1963,11.5,0.504,0.369,0.233,2.6,10.3,6.5,14.2,2.3,2.3,13.6,20.5,-0.6,2.8,2.1,0.053,-2,1.2,-0.8,0.6,295,721,0.409,92,266,0.346,203,455,0.446,0.473,119,168,0.708,45,186,231,177,91,52,125,165,801
"148","Kevin Durant","GSW",2.5e+07,"SF",28,62,62,2070,27.6,0.651,0.304,0.374,2.2,23.6,13.6,23.1,1.5,3.8,10.4,27.8,8,4,12,0.277,5.4,2.6,8,5.2,551,1026,0.537,117,312,0.375,434,714,0.608,0.594,336,384,0.875,39,474,513,300,66,99,138,117,1555
"149","Kevin Love","CLE",22642350,"PF",28,60,60,1885,21.1,0.573,0.449,0.34,8.9,29.3,19.5,9.8,1.4,0.9,10.9,26.4,4,2.4,6.4,0.163,1.7,-0.9,0.8,1.3,370,867,0.427,145,389,0.373,225,478,0.471,0.51,257,295,0.871,148,518,666,116,53,22,122,125,1142
"150","Kevon Looney","GSW",1471382,"C",20,53,4,447,13.4,0.553,0.084,0.318,11.5,18.5,15.2,8.5,1.5,3,12.2,13.4,0.7,0.8,1.4,0.154,-1.4,1.7,0.3,0.3,56,107,0.523,2,9,0.222,54,98,0.551,0.533,21,34,0.618,44,80,124,29,14,17,17,64,135
"151","Khris Middleton","MIL",14100000,"SF",25,29,23,889,15,0.57,0.312,0.276,1.5,14.5,8.1,17.5,2.3,0.7,14.8,22.5,0.7,0.9,1.6,0.085,0,-0.6,-0.5,0.3,150,333,0.45,45,104,0.433,105,229,0.459,0.518,81,92,0.88,11,112,123,99,41,7,65,79,426
"152","Klay Thompson","GSW",17826150,"SG",26,78,78,2649,17.4,0.592,0.47,0.158,2.2,9.2,5.9,9.3,1.2,1.2,8,26.1,4.2,2.9,7.1,0.128,2.4,-2.1,0.3,1.5,644,1376,0.468,268,647,0.414,376,729,0.516,0.565,186,218,0.853,49,236,285,160,66,40,128,139,1742
"153","Kosta Koufos","SAC",8393000,"C",27,71,62,1419,13.8,0.56,0.003,0.158,9.7,22.9,16.4,5.3,1.3,3.1,12.7,15.3,1.2,1.4,2.6,0.089,-2.6,0.7,-1.9,0,216,392,0.551,0,1,0,216,391,0.552,0.551,38,62,0.613,118,285,403,47,36,48,61,172,470
"154","Kristaps Porzingis","NYK",4503600,"PF",21,66,65,2164,17.4,0.546,0.319,0.256,5.5,18.2,11.8,7.3,1.1,4.9,9.7,24.3,2.4,2.1,4.5,0.1,0.2,0,0.2,1.2,443,985,0.45,112,314,0.357,331,671,0.493,0.507,198,252,0.786,111,364,475,97,47,130,118,244,1196
"155","Kyle Anderson","SAS",2151704,"SG",23,72,14,1020,12.5,0.525,0.191,0.273,3.7,19,11.5,12.4,2.5,2.1,14.3,12.1,0.7,2,2.7,0.127,-2.1,3.7,1.6,0.9,93,209,0.445,15,40,0.375,78,169,0.462,0.481,45,57,0.789,33,175,208,91,51,26,39,63,246
"156","Kyle Korver","CLE",7e+06,"SG",35,35,1,859,13.5,0.677,0.743,0.056,0.9,11.2,6.2,6.1,0.6,0.8,9.5,15.8,1.6,0.4,2,0.114,2.2,-2.2,0,0.4,131,269,0.487,97,200,0.485,34,69,0.493,0.667,14,15,0.933,7,90,97,35,11,8,29,60,373
"157","Kyle Lowry","TOR",28703704,"PG",30,60,60,2244,22.9,0.623,0.51,0.398,2.4,12.1,7.3,29.9,2,0.7,13.8,24.9,7.8,2.3,10.1,0.216,7.1,-0.4,6.7,4.9,426,918,0.464,193,468,0.412,233,450,0.518,0.569,299,365,0.819,48,240,288,417,88,19,173,170,1344
"158","Kyle O'Quinn","NYK",4087500,"C",26,79,8,1229,20.5,0.552,0.041,0.201,13.7,24.8,19.2,14.8,1.5,6.9,14.5,18.5,2.1,1.8,3.9,0.151,-0.1,3.7,3.5,1.7,215,413,0.521,2,17,0.118,213,396,0.538,0.523,64,83,0.771,157,282,439,117,36,104,76,174,496
"159","Kyle Singler","OKC",4666500,"SF",28,32,2,385,5.9,0.486,0.446,0.205,2.3,11.5,6.9,3.2,0.9,1,10.8,11.2,0,0.3,0.3,0.034,-4.6,-1.3,-5.9,-0.4,34,83,0.41,7,37,0.189,27,46,0.587,0.452,13,17,0.765,8,40,48,9,7,5,11,29,88
"160","LaMarcus Aldridge","SAS",21461010,"PF",31,72,72,2335,18.6,0.532,0.053,0.258,8.6,16.6,12.7,9.9,1,3.1,7.7,24.5,3.5,3.7,7.3,0.149,-0.3,1.4,1.1,1.8,500,1049,0.477,23,56,0.411,477,993,0.48,0.488,220,271,0.812,174,350,524,139,46,89,98,158,1243
"161","Lance Stephenson","IND",4180000,"SG",26,6,0,132,10.3,0.474,0.182,0.068,0.9,19.3,10.2,28.1,1.1,1.3,19.5,19.1,-0.1,0.1,0,0.012,-4,-0.2,-4.2,-0.1,18,44,0.409,5,8,0.625,13,36,0.361,0.466,2,3,0.667,1,23,24,25,3,2,11,12,43
"162","Lance Thomas","NYK",6655325,"PF",28,46,15,968,8.4,0.516,0.348,0.209,3.6,12.3,7.9,5,1.1,0.4,8.6,13.1,0.6,0.4,0.9,0.046,-2.1,-1.6,-3.7,-0.4,97,244,0.398,38,85,0.447,59,159,0.371,0.475,43,51,0.843,32,110,142,35,21,5,25,85,275
"163","Leandro Barbosa","PHO",5e+05,"SG",34,67,0,963,11.5,0.509,0.25,0.115,1.6,10.3,5.9,13,1.5,0.7,10.4,20,0.3,0.4,0.6,0.031,-2,-2.1,-4.1,-0.5,172,392,0.439,35,98,0.357,137,294,0.466,0.483,40,45,0.889,15,89,104,81,31,8,48,82,419
"164","LeBron James","CLE",33285709,"SF",32,74,74,2794,27,0.619,0.254,0.395,4,20.7,12.6,41.3,1.6,1.3,16.1,30,9.8,3,12.9,0.221,6.8,1.6,8.4,7.3,736,1344,0.548,124,342,0.363,612,1002,0.611,0.594,358,531,0.674,97,543,640,646,92,44,303,134,1954
"165","Lucas Nogueira","TOR",2947305,"C",24,57,6,1088,15.5,0.682,0.077,0.429,8.5,16.7,12.6,5.4,2.4,7.2,19.9,9.5,1.7,2,3.7,0.164,-0.1,5.6,5.4,2,103,156,0.66,3,12,0.25,100,144,0.694,0.67,44,67,0.657,82,161,243,42,52,90,46,137,253
"166","Luke Babbitt","MIA",1974159,"SF",27,68,55,1065,8.4,0.563,0.747,0.053,1.3,13.5,7.4,4.8,1,0.8,8,13,0.8,1,1.8,0.082,-1,-0.8,-1.8,0.1,113,281,0.402,87,210,0.414,26,71,0.366,0.557,11,15,0.733,13,129,142,36,21,11,25,118,324
"167","Luol Deng","LAL",17190000,"SF",31,56,49,1486,10.1,0.47,0.389,0.149,4.5,17.7,10.8,7,1.6,1.1,8.7,14.2,0.1,0.8,0.9,0.029,-2.3,-0.2,-2.5,-0.2,164,424,0.387,51,165,0.309,113,259,0.436,0.447,46,63,0.73,63,232,295,74,48,20,43,61,425
"168","Malcolm Brogdon","MIL",1312611,"SG",24,75,28,1982,14.9,0.555,0.304,0.198,2.8,9.6,6.3,24.3,2.2,0.5,14.1,18.5,2.6,1.5,4.1,0.1,0.6,-1.1,-0.5,0.8,290,635,0.457,78,193,0.404,212,442,0.48,0.518,109,126,0.865,47,166,213,317,84,12,113,140,767
"169","Malcolm Delaney","ATL",2500000,"PG",27,73,2,1248,7.5,0.456,0.284,0.24,1,9.8,5.5,23.1,1.5,0.1,18.1,18.3,-1.1,1.3,0.1,0.005,-4.6,-1.2,-5.8,-1.2,145,388,0.374,26,110,0.236,119,278,0.428,0.407,75,93,0.806,11,113,124,193,39,1,95,112,391
"170","Malik Beasley","DEN",1700640,"SG",20,22,1,165,13.7,0.536,0.384,0.137,3.4,8,5.7,10.2,2.1,0,9.4,22,0.1,0.1,0.2,0.057,-0.5,-3.5,-3.9,-0.1,33,73,0.452,9,28,0.321,24,45,0.533,0.514,8,10,0.8,5,12,17,11,7,0,8,10,83
"171","Manu Ginobili","SAS",2500000,"SG",39,69,0,1291,13.9,0.532,0.517,0.244,2.5,11.1,6.9,20.8,3.2,1,16.5,20.4,0.6,2.4,3,0.11,0.5,1.4,1.9,1.3,171,439,0.39,89,227,0.392,82,212,0.387,0.491,86,107,0.804,28,129,157,183,82,16,96,119,517
"172","Marc Gasol","MEM",22642350,"C",32,74,74,2531,20.2,0.554,0.231,0.286,2.6,18.7,10.4,24.8,1.4,3.7,11.3,26.4,4.2,3.5,7.7,0.145,2.1,2.2,4.2,4,532,1160,0.459,104,268,0.388,428,892,0.48,0.503,278,332,0.837,60,402,462,338,67,99,166,171,1446
"173","Marcin Gortat","WAS",12782609,"C",32,82,82,2556,15.5,0.593,0.003,0.236,10.6,26.8,18.7,6.8,0.8,2.1,13.7,14.7,3.9,2.9,6.8,0.128,-0.9,1.2,0.4,1.5,390,674,0.579,0,2,0,390,672,0.58,0.579,103,159,0.648,238,611,849,121,40,65,118,213,883
"174","Marcus Smart","BOS",4538020,"SG",22,79,24,2399,12,0.486,0.443,0.334,3.7,10.5,7.1,22,2.6,1.2,15.6,18.8,0.5,2.7,3.2,0.064,-1.1,0.9,-0.3,1,269,749,0.359,94,332,0.283,175,417,0.42,0.422,203,250,0.812,78,228,306,364,125,34,159,192,835
"175","Mario Hezonja","ORL",4078320,"SF",21,65,2,960,7.2,0.45,0.436,0.152,2.2,14.7,8.3,9.6,1.5,1.2,14.1,18.8,-1.4,0.7,-0.7,-0.034,-4.8,-1,-5.8,-0.9,117,330,0.355,43,144,0.299,74,186,0.398,0.42,40,50,0.8,20,126,146,62,30,14,58,74,317
"176","Markieff Morris","WAS",8e+06,"PF",27,76,76,2374,13.7,0.54,0.22,0.242,5.1,18.2,11.7,7.8,1.7,1.5,11.6,20.5,1.6,2.5,4.1,0.083,-1.3,0.2,-1,0.6,406,889,0.457,71,196,0.362,335,693,0.483,0.497,180,215,0.837,107,385,492,126,82,42,129,254,1063
"177","Marquese Chriss","PHO",3073800,"PF",19,82,75,1743,12.3,0.529,0.354,0.286,5.8,16.1,10.8,5.2,1.8,3.2,13.2,19.7,0.3,1.5,1.8,0.05,-1.6,0,-1.6,0.2,284,632,0.449,72,224,0.321,212,408,0.52,0.506,113,181,0.624,96,252,348,60,67,70,108,263,753
"178","Marshall Plumlee","NYK",1e+05,"C",24,21,1,170,10.9,0.521,0,0.633,14.5,17.8,16.2,8.1,1.2,1.9,23.8,12.8,0,0.1,0.2,0.048,-2.9,0.1,-2.8,0,16,30,0.533,0,0,NA,16,30,0.533,0.533,8,19,0.421,23,28,51,10,4,4,12,23,40
"179","Marvin Williams","CHO",13168750,"PF",30,76,76,2295,13.7,0.551,0.503,0.213,4.2,19.7,11.9,7.1,1.3,2,7.2,16.3,2.4,2.6,5,0.105,-0.3,0.5,0.2,1.3,297,704,0.422,124,354,0.35,173,350,0.494,0.51,131,150,0.873,89,409,498,106,58,53,60,134,849
"180","Mason Plumlee","DEN",14041096,"C",26,27,10,632,16.3,0.571,0.006,0.42,8.8,21.3,15.1,15.9,1.5,3.6,17.7,17.5,0.8,0.6,1.4,0.107,-0.7,2.2,1.5,0.6,99,181,0.547,0,1,0,99,180,0.55,0.547,47,76,0.618,50,123,173,70,19,29,46,77,245
"181","Matt Barnes","SAC",2133542,"SF",36,54,13,1367,10.2,0.501,0.551,0.172,4.7,20.1,12.5,16.2,1.3,1.1,16.8,16.4,-0.1,1.1,1,0.034,-1.2,0.3,-1,0.4,147,383,0.384,69,211,0.327,78,172,0.453,0.474,50,66,0.758,55,241,296,149,36,17,83,138,413
"182","Matthew Dellavedova","MIL",9607500,"PG",26,76,54,1986,9.4,0.501,0.403,0.18,1.4,7.1,4.3,25.7,1.4,0,18.8,16.3,0.3,0.9,1.2,0.029,-1.9,-2.8,-4.7,-1.4,208,534,0.39,79,215,0.367,129,319,0.404,0.463,82,96,0.854,24,123,147,357,53,0,133,153,577
"183","Maurice Harkless","POR",10162922,"SF",23,77,69,2223,13.2,0.57,0.311,0.199,6.2,10.8,8.5,6,1.9,2.5,11.1,15.1,2.4,1.9,4.2,0.092,0,0.8,0.8,1.5,314,624,0.503,68,194,0.351,246,430,0.572,0.558,77,124,0.621,125,216,341,89,85,70,85,214,773
"184","Meyers Leonard","POR",9904495,"PF",24,74,12,1222,8.9,0.507,0.563,0.106,2.4,19,10.7,8.4,0.5,1.8,8.1,15.5,0.5,0.8,1.4,0.053,-2.1,-1.3,-3.4,-0.4,146,378,0.386,74,213,0.347,72,165,0.436,0.484,35,40,0.875,27,209,236,71,13,28,35,172,401
"185","Michael Gbinije","DET",5e+05,"SG",24,9,0,32,-2.1,0.184,0.4,0.2,6.6,3.5,5.1,7.9,0,0,0,15,-0.1,0,-0.1,-0.136,-7.7,-2.8,-10.4,-0.1,1,10,0.1,0,4,0,1,6,0.167,0.1,2,2,1,2,1,3,2,0,0,0,2,4
"186","Michael Kidd-Gilchrist","CHO",1.3e+07,"SF",23,81,81,2349,14.3,0.528,0.015,0.314,7.3,19.3,13.2,7.4,1.7,2.9,7.4,14.6,2.7,3.1,5.8,0.119,-2,2.2,0.2,1.3,295,618,0.477,1,9,0.111,294,609,0.483,0.478,152,194,0.784,156,409,565,114,81,77,56,187,743
"187","Mike Conley","MEM",28530608,"PG",29,69,68,2292,23.2,0.604,0.415,0.365,1.5,10.8,6,34.5,2.1,0.8,11.8,26.3,7.5,2.5,10,0.209,6.5,-0.7,5.8,4.5,464,1009,0.46,171,419,0.408,293,590,0.497,0.545,316,368,0.859,31,211,242,433,92,19,156,126,1415
"188","Mike Dunleavy","ATL",1662500,"SF",36,30,0,475,11.9,0.597,0.592,0.2,3.1,12.5,7.9,9.5,0.9,0.9,9,14.3,0.7,0.5,1.2,0.12,-0.2,-0.8,-1,0.1,57,130,0.438,33,77,0.429,24,53,0.453,0.565,22,26,0.846,13,55,68,30,9,5,14,35,169
"189","Mike Muscala","ATL",5e+06,"C",25,70,3,1237,14.4,0.596,0.326,0.19,6.9,14.4,10.7,11.9,1.2,2.8,13.1,14.8,1.8,1.6,3.4,0.132,-0.4,1.5,1.1,1,170,337,0.504,46,110,0.418,124,227,0.546,0.573,49,64,0.766,76,164,240,95,30,41,55,97,435
"190","Mindaugas Kuzminskas","NYK",3025035,"SF",27,68,5,1016,12.4,0.533,0.455,0.184,5,8.4,6.7,10.3,1.4,0.9,11.3,19.2,0.8,0.4,1.2,0.055,-0.2,-2.5,-2.7,-0.2,158,369,0.428,54,168,0.321,104,201,0.517,0.501,55,68,0.809,47,79,126,69,29,11,51,79,425
"191","Mirza Teletovic","MIL",10500000,"PF",31,70,2,1133,8.8,0.515,0.73,0.108,1.1,15.4,8.3,6.4,0.5,1,7.8,19.1,-0.1,0.7,0.6,0.025,-1.5,-3.4,-4.9,-0.8,156,418,0.373,104,305,0.341,52,113,0.46,0.498,35,45,0.778,11,151,162,48,12,13,37,109,451
"192","Monta Ellis","IND",2245400,"SG",31,74,33,1998,10,0.514,0.242,0.23,1.1,10.3,5.7,17.2,2,1.2,18,16.8,-0.7,1.7,1.1,0.026,-2.5,0.2,-2.3,-0.2,247,557,0.443,43,135,0.319,204,422,0.483,0.482,93,128,0.727,19,185,204,236,79,27,135,149,630
"193","Myles Turner","IND",2569920,"C",20,81,81,2541,18.5,0.585,0.132,0.349,6.2,19.5,13,6.6,1.5,6,9.5,19.5,4.3,3.7,8,0.151,-0.3,2.7,2.4,2.8,444,869,0.511,40,115,0.348,404,754,0.536,0.534,245,303,0.809,139,448,587,106,74,173,105,262,1173
"194","Nemanja Bjelica","MIN",3949999,"PF",28,65,1,1190,11,0.526,0.497,0.171,5.5,18.6,12,9.6,1.7,1.4,13.4,16.4,0.6,0.9,1.5,0.059,-0.7,-0.4,-1.1,0.3,151,356,0.424,56,177,0.316,95,179,0.531,0.503,45,61,0.738,57,187,244,79,40,20,59,154,403
"195","Nene Hilario","HOU",3477600,"C",34,67,8,1198,18.9,0.63,0.023,0.496,8.6,16.9,12.8,8.6,2.2,2.7,13.1,19.7,2.5,1.6,4.1,0.165,-0.4,0.9,0.5,0.8,245,397,0.617,3,9,0.333,242,388,0.624,0.621,116,197,0.589,95,186,281,65,56,40,73,163,609
"196","Nerlens Noel","DAL",4187599,"C",22,22,12,483,19.9,0.606,0,0.358,10.8,26,18,7,2.4,4.7,12.4,17.3,0.9,0.9,1.8,0.179,-1.3,3.9,2.6,0.6,77,134,0.575,0,0,NA,77,134,0.575,0.575,34,48,0.708,47,103,150,20,22,25,22,55,188
"197","Nick Collison","OKC",2328652,"PF",36,20,0,128,12.8,0.622,0.043,0.348,7.8,18.2,13,13.2,0.8,1.2,13.1,10.1,0.3,0.1,0.4,0.144,-1.7,-0.1,-1.8,0,14,23,0.609,0,1,0,14,22,0.636,0.609,5,8,0.625,9,21,30,12,2,2,4,17,33
"198","Nicolas Batum","CHO",22434783,"SG",28,77,77,2617,15.8,0.529,0.415,0.291,1.9,18.4,10.1,27.6,1.6,1,15,22.3,1.7,2.8,4.5,0.083,0.6,0.6,1.2,2.1,393,975,0.403,135,405,0.333,258,570,0.453,0.472,243,284,0.856,46,435,481,455,86,29,194,109,1164
"199","Nikola Jokic","DEN",1471382,"C",21,73,59,2038,26.4,0.64,0.163,0.267,11.6,27.2,19.5,28.8,1.5,2.1,15.2,23.5,7.7,2,9.7,0.229,6.2,2.2,8.3,5.3,494,854,0.578,45,139,0.324,449,715,0.628,0.605,188,228,0.825,212,506,718,359,61,56,171,214,1221
"200","Nikola Vucevic","ORL",12250000,"C",26,75,55,2163,19.1,0.498,0.073,0.155,8.6,31.2,19.6,16.9,1.8,2.8,9.6,24.8,0.8,3.2,4,0.088,-1.3,2.4,1.1,1.7,483,1031,0.468,23,75,0.307,460,956,0.481,0.48,107,160,0.669,176,603,779,208,77,74,117,180,1096
"201","Norman Powell","TOR",1471382,"SG",23,76,18,1368,14,0.552,0.342,0.314,2.2,11.7,6.9,9.3,1.9,0.9,10.8,21.1,1.4,1.4,2.8,0.097,-0.4,-1.2,-1.5,0.2,227,506,0.449,56,173,0.324,171,333,0.514,0.504,126,159,0.792,26,142,168,82,51,14,70,127,636
"202","Otto Porter","WAS",24773250,"SF",23,80,80,2605,17.3,0.628,0.425,0.148,5.1,17.1,11.1,6.7,2.2,1.3,4.8,15.1,6.5,2.9,9.4,0.173,3,0.9,3.9,3.9,414,803,0.516,148,341,0.434,266,462,0.576,0.608,99,119,0.832,118,397,515,121,116,41,43,193,1075
"203","Pascal Siakam","TOR",1312611,"PF",22,55,38,859,11.5,0.523,0.034,0.156,8.4,15.9,12.2,2.9,1.5,4.5,13.1,13.1,0.4,1.2,1.6,0.089,-3,1.8,-1.1,0.2,103,205,0.502,1,7,0.143,102,198,0.515,0.505,22,32,0.688,64,121,185,17,26,45,33,109,229
"204","Pat Connaughton","POR",1471382,"SG",24,39,1,316,11.8,0.645,0.458,0.125,3.5,14.8,9.1,12.7,0.9,0.5,18.3,13,0.4,0.2,0.6,0.09,-0.9,-1.6,-2.5,0,37,72,0.514,17,33,0.515,20,39,0.513,0.632,7,9,0.778,10,42,52,28,6,2,17,23,98
"205","Patrick McCaw","GSW",1312611,"SG",21,71,20,1074,8.6,0.54,0.502,0.151,2.4,7.6,5.2,9,1.4,1.1,12.1,11.9,0.6,1.2,1.7,0.077,-1.6,-0.1,-1.7,0.1,106,245,0.433,41,123,0.333,65,122,0.533,0.516,29,37,0.784,22,79,101,77,32,15,36,62,282
"206","Patty Mills","SAS",10714286,"PG",28,80,8,1754,15.2,0.577,0.572,0.129,1.6,7.4,4.6,24.3,1.9,0.1,13.3,19.5,2.8,2.2,5.1,0.139,2.5,-1.2,1.3,1.5,273,622,0.439,147,356,0.413,126,266,0.474,0.557,66,80,0.825,24,118,142,280,65,3,101,109,759
"207","Pau Gasol","SAS",1.6e+07,"C",36,64,39,1627,20.2,0.578,0.172,0.305,7.6,26.8,17.4,14.7,0.8,3.5,10.6,21.3,3.3,3.1,6.4,0.189,0.9,2.8,3.7,2.4,303,604,0.502,56,104,0.538,247,500,0.494,0.548,130,184,0.707,107,394,501,150,24,70,81,110,792
"208","Paul Pierce","LAC",1096080,"SF",39,25,7,277,5.7,0.535,0.614,0.186,0.4,18.5,9.7,5,0.7,1.5,17.4,14.8,-0.2,0.3,0.1,0.015,-3.9,-0.5,-4.4,-0.2,28,70,0.4,15,43,0.349,13,27,0.481,0.507,10,13,0.769,1,47,48,10,4,5,16,40,81
"209","Paul Zipser","CHI",1312611,"SF",22,44,18,843,6.9,0.503,0.448,0.181,1.9,14.2,8,6.1,0.9,1.5,14.4,14.4,-0.3,0.8,0.5,0.03,-3.6,-0.1,-3.7,-0.4,88,221,0.398,33,99,0.333,55,122,0.451,0.473,31,40,0.775,15,110,125,36,15,16,40,78,240
"210","Quincy Acy","BRK",1709538,"PF",26,32,1,510,13.1,0.587,0.542,0.373,3.8,18.2,11.1,5.4,1.3,2.2,9.6,16.5,0.6,0.5,1.1,0.102,-1.1,-0.7,-1.8,0,65,153,0.425,36,83,0.434,29,70,0.414,0.542,43,57,0.754,18,89,107,18,14,15,19,58,209
"211","Quinn Cook","NOP",25000,"PG",23,9,0,111,15.3,0.614,0.293,0.073,0.9,2.9,1.9,20.7,1.3,0,10.6,18.9,0.2,0.1,0.3,0.11,0,-4,-4,-0.1,22,41,0.537,6,12,0.5,16,29,0.552,0.61,2,3,0.667,1,3,4,14,3,0,5,7,52
"212","Rajon Rondo","CHI",3e+06,"PG",30,69,42,1843,13.6,0.461,0.237,0.089,4.2,16.6,10.4,37,2.7,0.5,22.4,17.8,-0.3,2.7,2.3,0.061,-1.3,1.6,0.3,1.1,229,561,0.408,50,133,0.376,179,428,0.418,0.453,30,50,0.6,73,282,355,461,99,11,168,144,538
"213","Rakeem Christmas","IND",172552,"PF",25,29,0,219,10.4,0.529,0,0.674,13.5,15.2,14.4,2.5,0.7,2.4,12.5,13.1,0.3,0.2,0.5,0.099,-3,-1.2,-4.3,-0.1,19,43,0.442,0,0,NA,19,43,0.442,0.442,21,29,0.724,26,30,56,4,3,6,8,37,59
"214","Raul Neto","UTA",1471382,"PG",24,40,0,346,10.7,0.527,0.341,0.099,1.4,8.4,5,15.1,3.2,1.2,13.6,14.8,0.2,0.6,0.7,0.1,-1.7,1.4,-0.3,0.1,41,91,0.451,10,31,0.323,31,60,0.517,0.505,8,9,0.889,4,26,30,34,21,5,15,48,100
"215","Reggie Bullock","DET",2500000,"SF",25,31,5,467,11.7,0.538,0.57,0.055,2.9,12.4,7.5,8.8,1.9,0.5,7.1,13.4,0.4,0.5,1,0.101,-0.4,0.5,0.1,0.2,54,128,0.422,28,73,0.384,26,55,0.473,0.531,5,7,0.714,13,51,64,29,18,3,10,22,141
"216","Reggie Jackson","DET",1.6e+07,"PG",26,52,50,1424,14.9,0.51,0.272,0.201,1.6,7.3,4.3,30.3,1.2,0.3,13.4,26.4,0.8,1.2,1.9,0.065,0.6,-2.1,-1.4,0.2,284,677,0.419,66,184,0.359,218,493,0.442,0.468,118,136,0.868,21,92,113,270,35,5,114,129,752
"217","Richaun Holmes","PHI",1471382,"C",23,57,17,1193,18.6,0.611,0.187,0.25,8.7,20.1,14.4,8.3,1.7,3.7,10.7,18.6,2.2,1.6,3.7,0.151,0.2,1.5,1.7,1.1,230,412,0.558,27,77,0.351,203,335,0.606,0.591,72,103,0.699,94,217,311,58,42,55,55,136,559
"218","Robert Covington","PHI",16698103,"SF",26,67,67,2119,13.2,0.534,0.563,0.238,4.8,17.9,11.3,7.5,2.9,2.6,13.9,19.2,0,3.2,3.1,0.071,-0.7,2,1.4,1.8,292,732,0.399,137,412,0.333,155,320,0.484,0.492,143,174,0.822,92,344,436,102,127,69,131,203,864
"219","Robin Lopez","CHI",13788500,"C",28,81,81,2271,14.4,0.511,0.003,0.134,11.4,13.2,12.3,5.6,0.4,4.1,9.9,17.5,1.8,2.4,4.3,0.09,-1.9,1,-0.9,0.6,382,775,0.493,0,2,0,382,773,0.494,0.493,75,104,0.721,243,276,519,80,18,117,90,151,839
"220","Rodney McGruder","MIA",1312611,"SG",25,78,65,1966,9.1,0.506,0.478,0.154,5.3,9.2,7.2,8.8,1.2,0.7,10.2,12.3,1.2,1.7,2.9,0.072,-0.8,0.5,-0.4,0.8,190,460,0.413,73,220,0.332,117,240,0.488,0.492,44,71,0.62,95,162,257,124,45,18,56,140,497
"221","Ron Baker","NYK",4328000,"SG",23,52,13,857,7.5,0.456,0.396,0.198,1.5,10.8,6.2,17.3,2,0.8,19.2,14.8,-0.6,0.5,-0.1,-0.008,-3.5,-0.9,-4.4,-0.5,82,217,0.378,23,86,0.267,59,131,0.45,0.431,28,43,0.651,12,86,98,107,34,8,56,74,215
"222","Rondae Hollis-Jefferson","BRK",1471382,"SF",22,78,50,1761,13.7,0.517,0.124,0.467,5.8,21.1,13.6,13.4,2.2,1.9,15.1,18.7,0.4,2.2,2.6,0.07,-2.9,1.9,-1,0.4,235,542,0.434,15,67,0.224,220,475,0.463,0.447,190,253,0.751,96,356,452,154,82,44,116,177,675
"223","Rudy Gobert","UTA",21974719,"C",24,81,81,2744,23.3,0.682,0.002,0.763,13.6,29.5,21.8,5.7,0.9,6.4,15.1,16.7,8.3,6,14.3,0.25,1.4,4.5,5.8,5.4,413,624,0.662,0,1,0,413,623,0.663,0.662,311,476,0.653,314,721,1035,97,49,214,148,246,1137
"224","Russell Westbrook","OKC",28530608,"PG",28,81,81,2802,30.6,0.554,0.3,0.433,5.4,28.8,17.1,57.3,2.3,0.9,15.9,41.7,8.5,4.6,13.1,0.224,10.9,4.7,15.6,12.4,824,1941,0.425,200,583,0.343,624,1358,0.459,0.476,710,840,0.845,137,727,864,840,133,31,438,190,2558
"225","Ryan Anderson","HOU",19578455,"PF",28,72,72,2116,13.5,0.583,0.655,0.194,5.8,11.2,8.5,4.7,0.7,0.5,6.2,17.9,4,1.1,5.2,0.118,1.8,-2.6,-0.8,0.6,323,773,0.418,204,506,0.403,119,267,0.446,0.55,129,150,0.86,112,218,330,68,32,14,55,142,979
"226","Salah Mejri","DAL",1471382,"C",30,73,11,905,14.8,0.65,0.022,0.445,11.9,28.4,19.8,2.4,1.8,6.1,19.6,10.6,1.3,1.7,3,0.159,-3.6,3.8,0.2,0.5,88,137,0.642,1,3,0.333,87,134,0.649,0.646,36,61,0.59,97,211,308,14,32,61,40,152,213
"227","Sean Kilpatrick","BRK",1524305,"SG",27,70,24,1754,13.1,0.546,0.419,0.329,1.3,15.4,8.4,14.6,1.2,0.3,13.9,23.9,0.3,1.1,1.4,0.039,-1.2,-1.8,-3,-0.4,305,735,0.415,105,308,0.341,200,427,0.468,0.486,204,242,0.843,22,258,280,157,46,6,136,118,919
"228","Serge Ibaka","TOR",20061729,"PF",27,23,23,712,13.8,0.556,0.369,0.122,4.6,20.1,12.4,3.3,0.5,4,11.7,20.9,0.4,0.8,1.3,0.085,-1.5,-0.5,-2.1,0,128,279,0.459,41,103,0.398,87,176,0.494,0.532,30,34,0.882,29,127,156,15,7,33,39,76,327
"229","Seth Curry","DAL",3028410,"PG",26,70,42,2029,15.5,0.601,0.458,0.142,1.4,9.2,5.1,15.9,2,0.3,11,19.5,2.9,1.7,4.6,0.109,1.8,-0.4,1.4,1.7,338,703,0.481,137,322,0.425,201,381,0.528,0.578,85,100,0.85,25,153,178,188,79,7,92,126,898
"230","Shabazz Muhammad","MIN",1577230,"SF",24,78,1,1516,14.9,0.566,0.244,0.318,6.4,10.6,8.5,3.7,0.7,0.3,7.6,21.5,2.5,0.2,2.7,0.086,-0.2,-4.3,-4.4,-0.9,288,598,0.482,49,146,0.336,239,452,0.529,0.523,147,190,0.774,84,136,220,35,22,6,56,86,772
"231","Shabazz Napier","POR",2361360,"PG",25,53,2,512,13.6,0.533,0.503,0.268,1.7,11.5,6.6,19.5,3.1,0.3,16.7,21.2,0.1,0.5,0.6,0.06,-0.9,-1.3,-2.2,0,73,183,0.399,34,92,0.37,39,91,0.429,0.492,38,49,0.776,8,53,61,67,32,2,41,38,218
"232","Shaun Livingston","GSW",7692308,"PG",31,76,3,1345,10.1,0.568,0.009,0.19,2.4,9.4,6.2,13.5,1.4,1.2,15.1,12.9,1.1,1.6,2.6,0.094,-2.5,0.5,-2,0,173,316,0.547,1,3,0.333,172,313,0.55,0.549,42,60,0.7,28,123,151,139,38,20,61,120,389
"233","Skal Labissiere","SAC",1312611,"PF",20,33,12,612,16.8,0.577,0.037,0.339,9.7,20.7,15.3,7.5,1.3,1.9,12.9,21.3,0.7,0.5,1.3,0.099,-1.7,-0.9,-2.6,-0.1,117,218,0.537,3,8,0.375,114,210,0.543,0.544,52,74,0.703,51,111,162,27,16,13,37,64,289
"234","Solomon Hill","NOP",12236535,"SF",25,80,71,2374,8,0.528,0.566,0.268,2.3,11.4,6.8,8.1,1.5,1.1,13.3,11.5,0.4,2.3,2.7,0.055,-1.8,1.5,-0.3,1,183,477,0.384,94,270,0.348,89,207,0.43,0.482,103,128,0.805,51,256,307,141,71,32,82,182,563
"235","Spencer Dinwiddie","BRK",1524305,"PG",23,59,18,1334,12.7,0.581,0.334,0.526,2.2,10.7,6.5,20.3,1.6,1.3,15.1,14.1,1.9,0.9,2.8,0.101,-0.7,-0.2,-0.9,0.4,134,302,0.444,38,101,0.376,96,201,0.478,0.507,126,159,0.792,27,137,164,185,44,23,66,119,432
"236","Spencer Hawes","MIL",6021175,"PF",28,19,0,171,18.6,0.62,0.441,0.305,4.1,26.3,15.3,17.7,0.6,2.1,11.9,20.3,0.4,0.2,0.6,0.16,1,-1,0,0.1,30,59,0.508,9,26,0.346,21,33,0.636,0.585,14,18,0.778,6,39,45,19,2,4,9,16,83
"237","Stanley Johnson","DET",3097800,"SF",20,77,1,1371,7.2,0.436,0.422,0.145,2.8,12.7,7.5,10.5,2.1,1.5,15.5,14.8,-1.4,1.8,0.4,0.012,-3.8,1.8,-2,0,129,365,0.353,45,154,0.292,84,211,0.398,0.415,36,53,0.679,36,153,189,105,56,24,71,121,339
"238","Stephen Curry","GSW",34682550,"PG",28,79,79,2638,24.6,0.624,0.547,0.251,2.7,11.4,7.3,31.1,2.6,0.5,13,30.1,8.6,3.9,12.6,0.229,7.7,-0.4,7.3,6.2,675,1443,0.468,324,789,0.411,351,654,0.537,0.58,325,362,0.898,61,292,353,523,143,17,239,183,1999
"239","Steven Adams","OKC",22471910,"C",23,80,80,2389,16.5,0.589,0.002,0.392,13,15.5,14.2,5.4,1.8,2.6,16,16.2,3.3,3.1,6.4,0.13,-0.7,1.2,0.5,1.5,374,655,0.571,0,1,0,374,654,0.572,0.571,157,257,0.611,282,333,615,86,88,78,146,195,905
"240","T.J. McConnell","PHI",1471382,"PG",24,81,51,2133,13.7,0.504,0.107,0.176,2,11,6.5,37.5,3.1,0.4,22.4,14.4,1.4,2.4,3.8,0.084,-2,0.1,-1.9,0,236,512,0.461,11,55,0.2,225,457,0.492,0.472,73,90,0.811,39,212,251,534,134,10,159,139,556
"241","T.J. Warren","PHO",3152931,"SF",23,66,59,2048,15.6,0.539,0.12,0.189,6.5,11.7,9,5.8,1.8,1.5,6.1,19.2,3,1.1,4.1,0.096,0.2,-0.5,-0.3,0.9,403,814,0.495,26,98,0.265,377,716,0.527,0.511,119,154,0.773,125,214,339,75,76,39,57,175,951
"242","Taurean Waller-Prince","ATL",2422560,"SF",22,59,10,981,9.8,0.513,0.358,0.33,2.8,14.6,8.8,8.4,2.2,2.4,15.7,17.2,-0.4,1.5,1.1,0.054,-3.8,1.5,-2.3,-0.1,114,285,0.4,33,102,0.324,81,183,0.443,0.458,74,94,0.787,25,132,157,55,43,27,61,96,335
"243","Terrence Ross","ORL",10500000,"SF",25,24,24,748,11.1,0.536,0.506,0.101,0.6,9.6,4.9,9,2.3,1.4,11.2,18.5,0,0.6,0.6,0.037,-1,-0.3,-1.3,0.1,115,267,0.431,46,135,0.341,69,132,0.523,0.517,23,27,0.852,4,64,68,43,34,13,35,61,299
"244","Terry Rozier","BOS",1988520,"PG",22,74,0,1263,10.8,0.466,0.436,0.161,3.6,16.3,10,15.2,1.8,0.7,9.7,17.1,0,1.4,1.4,0.053,-2.5,0,-2.5,-0.2,151,411,0.367,57,179,0.318,94,232,0.405,0.437,51,66,0.773,40,187,227,131,45,11,47,69,410
"245","Thaddeus Young","IND",14796348,"PF",28,74,74,2237,14.9,0.562,0.172,0.125,6.7,15.8,11.3,8.4,2.6,1.2,11.7,16.5,1.9,2.7,4.6,0.099,0,1.5,1.5,2,362,687,0.527,45,118,0.381,317,569,0.557,0.56,45,86,0.523,131,318,449,122,114,30,96,135,814
"246","Thon Maker","MIL",2684160,"C",19,57,34,562,14,0.558,0.409,0.271,8.4,15.2,11.8,6.2,0.9,4.1,7.7,17.8,0.8,0.5,1.3,0.113,-0.5,-1,-1.5,0.1,83,181,0.459,28,74,0.378,55,107,0.514,0.536,32,49,0.653,40,74,114,23,10,26,17,84,226
"247","Timothe Luwawu-Cabarrot","PHI",1386600,"SF",21,69,19,1190,8.5,0.536,0.446,0.341,2.3,11.5,6.9,9.6,1.3,0.7,15,17.8,0,0.8,0.8,0.034,-2.8,-1.2,-4,-0.6,145,361,0.402,50,161,0.311,95,200,0.475,0.471,105,123,0.854,25,124,149,75,32,10,73,154,445
"248","Tomas Satoransky","WAS",3e+06,"SG",25,57,3,719,8.5,0.48,0.253,0.226,3.9,9.1,6.5,16.7,1.8,0.7,19.1,12.1,0.1,0.5,0.6,0.041,-2.9,-0.2,-3.1,-0.2,61,146,0.418,9,37,0.243,52,109,0.477,0.449,23,33,0.697,25,58,83,92,26,6,38,60,154
"249","Tony Parker","SAS",15453126,"PG",34,63,63,1587,13,0.514,0.121,0.206,0.7,7.3,4,27.8,1.1,0.1,12.5,20.2,1.4,1.7,3,0.091,-1.2,-1.7,-3,-0.4,265,569,0.466,23,69,0.333,242,500,0.484,0.486,85,117,0.726,9,104,113,285,33,2,89,92,638
"250","Tony Snell","MIL",9821429,"SG",25,80,80,2336,9.7,0.603,0.656,0.107,1.1,11.1,6.2,5.9,1.2,0.5,8.8,12.1,2.1,1.3,3.4,0.071,0.2,-1.1,-0.8,0.7,246,541,0.455,144,355,0.406,102,186,0.548,0.588,47,58,0.81,22,226,248,96,54,14,55,125,683
"251","Treveon Graham","CHO",1312611,"SG",23,27,1,189,10.6,0.612,0.375,0.375,2.9,10,6.4,4.7,1.6,0.5,6,11.8,0.3,0.2,0.4,0.108,-1.5,-1.3,-2.8,0,19,40,0.475,9,15,0.6,10,25,0.4,0.588,10,15,0.667,5,17,22,6,6,1,3,18,57
"252","Trevor Ariza","HOU",7420912,"SF",31,80,80,2773,12.3,0.548,0.695,0.158,2.1,15.9,9,8.8,2.5,0.6,8,14.1,2.8,3.2,6,0.104,0.7,1,1.7,2.6,326,798,0.409,191,555,0.344,135,243,0.556,0.528,93,126,0.738,54,405,459,175,147,20,74,133,936
"253","Tristan Thompson","CLE",16400000,"C",25,78,78,2336,15.3,0.594,0.007,0.487,14,19.6,16.9,4.6,0.8,2.9,10.8,11.3,5,2.3,7.3,0.15,0,1.5,1.5,2.1,262,437,0.6,0,3,0,262,434,0.604,0.6,106,213,0.498,287,429,716,77,39,84,64,176,630
"254","Troy Williams","HOU",1471382,"SF",22,6,3,139,12.8,0.616,0.477,0.159,7.1,11.8,9.4,6.4,1,0.6,11.3,16.2,0.2,0.1,0.3,0.116,0.4,-2.1,-1.7,0,22,44,0.5,8,21,0.381,14,23,0.609,0.591,6,7,0.857,9,15,24,6,3,1,6,18,58
"255","Tyler Ennis","LAL",1524305,"PG",22,22,2,392,14.6,0.553,0.375,0.153,1.6,6.1,3.8,20.3,2.5,0.4,12,19,0.5,0.2,0.7,0.08,0.3,-2.6,-2.3,0,65,144,0.451,21,54,0.389,44,90,0.489,0.524,19,22,0.864,6,21,27,52,20,2,21,29,170
"256","Tyler Johnson","MIA",5881260,"PG",24,73,0,2178,15.9,0.535,0.303,0.308,2.5,12.5,7.4,16.6,1.9,1.6,8.8,20.9,3.1,2.7,5.8,0.128,0.7,0.7,1.5,1.9,357,824,0.433,93,250,0.372,264,574,0.46,0.49,195,254,0.768,50,243,293,233,84,44,90,176,1002
"257","Tyler Ulis","PHO",1312611,"PG",21,61,15,1123,13,0.474,0.181,0.162,1.9,7.5,4.6,30.5,2,0.4,14.1,20.3,0.3,0.4,0.7,0.029,-1.4,-2.5,-4,-0.6,184,437,0.421,21,79,0.266,163,358,0.455,0.445,55,71,0.775,20,75,95,226,48,5,77,73,444
"258","Tyson Chandler","PHO",1.3e+07,"C",34,47,46,1298,16.6,0.703,0,0.544,12.6,33.1,22.6,3.3,1.2,1.5,19.2,11.3,2.7,1.3,4,0.149,-0.7,0.3,-0.4,0.5,153,228,0.671,0,0,NA,153,228,0.671,0.671,91,124,0.734,154,385,539,30,33,24,67,126,397
"259","Tyus Jones","MIN",1471382,"PG",20,60,0,774,13.8,0.523,0.403,0.238,1.5,8.7,5,28,3.1,0.6,16,13.6,1,0.6,1.5,0.095,-0.4,-1.5,-1.9,0,75,181,0.414,26,73,0.356,49,108,0.454,0.486,33,43,0.767,10,57,67,156,47,5,38,50,209
"260","Udonis Haslem","MIA",2328652,"C",36,17,0,130,8.4,0.524,0.13,0.652,6.7,24.1,15.3,6.4,1.9,0.6,21.3,12.8,0,0.2,0.2,0.069,-4.9,1.1,-3.7,-0.1,11,23,0.478,0,3,0,11,20,0.55,0.478,9,15,0.6,8,28,36,6,5,1,8,22,31
"261","Wade Baldwin","MEM",1874400,"PG",20,33,1,405,6.4,0.404,0.191,0.322,3,10.2,6.5,22.8,2.3,1.7,23.4,19.2,-0.9,0.5,-0.4,-0.045,-6.3,0.6,-5.8,-0.4,36,115,0.313,3,22,0.136,33,93,0.355,0.326,31,37,0.838,11,35,46,61,18,7,40,40,106
"262","Wayne Ellington","MIA",6270000,"SG",29,62,13,1500,12.6,0.565,0.71,0.077,1.3,8.6,4.9,7.1,1.2,0.2,5,17.9,2.1,1.2,3.3,0.105,1.8,-1.9,-0.2,0.7,231,555,0.416,149,394,0.378,82,161,0.509,0.55,37,43,0.86,18,115,133,70,35,4,30,70,648
"263","Wayne Selden","MEM",1312611,"SG",22,11,2,189,6.2,0.475,0.42,0.36,0.6,6.2,3.3,9.9,1.1,0.5,13.4,16.1,-0.1,0.1,0,-0.001,-4.1,-1.8,-6,-0.2,20,50,0.4,3,21,0.143,17,29,0.586,0.43,12,18,0.667,1,10,11,12,4,1,9,12,55
"264","Wesley Johnson","LAC",5881260,"SF",29,68,3,810,8.4,0.448,0.59,0.085,3.7,20.8,12.5,3.9,1.8,3,8,12.5,-0.3,1.2,0.9,0.051,-3.4,1.6,-1.8,0,73,200,0.365,29,118,0.246,44,82,0.537,0.438,11,17,0.647,26,155,181,23,29,30,18,83,186
"265","Wesley Matthews","DAL",17884176,"SG",30,73,73,2495,11.9,0.533,0.566,0.211,0.8,11.8,6,13.6,1.6,0.6,9.9,19.4,1,2.1,3.1,0.06,0.2,-0.1,0.1,1.3,333,847,0.393,174,479,0.363,159,368,0.432,0.496,146,179,0.816,18,241,259,210,77,16,102,161,986
"266","Will Barton","DEN",3533333,"SG",26,60,19,1705,15.5,0.547,0.353,0.285,3.8,12.8,8.4,17.7,1.4,1.3,11.5,21.1,2.5,0.8,3.3,0.093,1.3,-1,0.3,1,295,666,0.443,87,235,0.37,208,431,0.483,0.508,143,190,0.753,58,200,258,206,48,28,97,110,820
"267","Willie Cauley-Stein","SAC",3704160,"C",23,75,21,1421,16.4,0.558,0.004,0.314,7,20.5,13.8,9.4,1.9,2.9,11.2,19.6,1.4,1.5,3,0.1,-2,0.9,-1.1,0.3,255,481,0.53,0,2,0,255,479,0.532,0.53,101,151,0.669,85,255,340,80,53,45,69,147,611
"268","Wilson Chandler","DEN",12016854,"SF",29,71,33,2197,14.9,0.545,0.347,0.207,5.2,17.7,11.5,9.8,1.2,1.1,10,22,2.4,1.1,3.6,0.078,0.5,-1.3,-0.8,0.7,433,939,0.461,110,326,0.337,323,613,0.527,0.52,141,194,0.727,103,356,459,141,52,30,114,172,1117
"269","Yogi Ferrell","DAL",1312611,"PG",23,36,29,1046,14.1,0.541,0.432,0.212,1.7,9.7,5.5,24.1,2,0.6,12.9,19.5,1,0.9,2,0.09,0.5,-0.3,0.2,0.6,142,345,0.412,60,149,0.403,82,196,0.418,0.499,64,73,0.877,16,83,99,155,40,7,56,79,408
"270","Zaza Pachulia","GSW",3477600,"C",32,70,70,1268,16.1,0.588,0.007,0.41,12.9,22,17.7,13.6,2.2,2,19.5,15.3,2.2,2.5,4.7,0.177,-0.3,3,2.7,1.5,164,307,0.534,0,2,0,164,305,0.538,0.534,98,126,0.778,140,270,410,132,59,33,88,166,426
