"","Current Year Salary","Age","G","GS","MP","FG","FGA","FG%","3P","3PA","3P%","2P","2PA","2P%","eFG%","FT","FTA","FT%","ORB","DRB","TRB","AST","STL","BLK","TOV","PF","PTS","pos_pg","pos_sg","pos_sf","pos_pf","pos_c"
"2",32875671.5643294,29,80,80,2914,757,1687,0.449,97,326,0.298,660,1361,0.485,0.477,417,566,0.737,152,652,804,820,147,20,381,200,2028,1,0,0,0,0
"3",32865670.1333333,28,79,79,2638,675,1443,0.468,324,789,0.411,351,654,0.537,0.58,325,362,0.898,61,292,353,524,142,17,239,183,1999,1,0,0,0,0
"4",27966837.3887749,27,61,61,2076,479,971,0.493,38,113,0.336,441,858,0.514,0.513,320,421,0.76,112,385,497,300,57,22,142,157,1316,0,0,0,1,0
"7",32865670.1333333,32,58,58,1847,367,798,0.46,144,379,0.38,223,419,0.532,0.55,203,221,0.919,37,276,313,457,96,14,128,141,1081,1,0,0,0,0
"10",32865670.1333333,33,82,82,3026,857,1580,0.542,149,406,0.367,708,1174,0.603,0.59,388,531,0.731,97,612,709,747,116,71,347,136,2251,0,0,0,1,0
"11",26472135.001485,28,56,56,1761,294,696,0.422,78,215,0.363,216,481,0.449,0.478,191,229,0.834,26,138,164,342,67,16,84,100,857,1,0,0,0,0
"12",23475478.6666667,22,75,73,2443,504,1010,0.499,111,280,0.396,393,730,0.538,0.554,266,313,0.85,195,608,803,458,90,61,210,212,1385,0,0,0,0,1
"13",23475478.6666667,23,63,63,1912,510,1056,0.483,66,214,0.308,444,842,0.527,0.514,359,467,0.769,143,547,690,199,40,111,234,209,1445,0,0,0,0,1
"14",23475478.6666667,22,82,82,2979,569,1300,0.438,112,338,0.331,457,962,0.475,0.481,202,314,0.643,82,276,358,160,91,51,138,163,1452,0,0,1,0,0
"15",24266123.7513612,25,75,75,2676,618,1474,0.419,229,610,0.375,389,864,0.45,0.497,414,464,0.892,45,257,302,512,65,28,242,165,1879,1,0,0,0,0
"16",26472135.001485,26,78,78,2804,614,1377,0.446,47,139,0.338,567,1238,0.458,0.463,555,653,0.85,64,285,349,315,81,21,175,167,1830,0,1,0,0,0
"17",28170574.4,27,79,79,2891,576,1340,0.43,244,609,0.401,332,731,0.454,0.521,338,411,0.822,72,375,447,263,161,39,212,233,1734,0,0,1,0,0
"18",24341045.4089096,26,67,61,2190,405,893,0.454,100,281,0.356,305,612,0.498,0.51,119,168,0.708,46,218,264,488,100,44,194,133,1029,1,0,0,0,0
"19",28170574.4,26,73,73,2516,545,1156,0.471,149,374,0.398,396,782,0.506,0.536,362,429,0.844,49,345,394,252,73,20,140,117,1601,0,0,1,0,0
"20",22060112.5012375,22,61,61,2164,560,1136,0.493,35,108,0.324,525,1028,0.511,0.508,326,430,0.758,130,497,627,116,78,125,121,148,1481,0,0,0,0,1
"21",22060112.5012375,22,55,35,1708,359,799,0.449,105,271,0.387,254,528,0.481,0.515,135,176,0.767,41,147,188,162,54,11,112,117,958,0,1,0,0,0
"22",22060112.5012375,22,81,81,2666,552,1060,0.521,2,6,0.333,550,1054,0.522,0.522,208,586,0.355,395,803,1198,67,119,112,155,245,1314,0,0,0,0,1
"24",20816122.3422067,27,70,70,2448,372,873,0.426,139,399,0.348,233,474,0.492,0.506,163,192,0.849,55,373,428,403,65,43,205,114,1046,0,0,1,0,0
"25",26472135.001485,26,82,82,3125,710,1617,0.439,236,657,0.359,474,960,0.494,0.512,720,837,0.86,63,438,501,612,139,51,374,229,2376,0,1,0,0,0
"26",26472135.001485,29,82,82,2631,529,1048,0.505,88,256,0.344,441,792,0.557,0.547,103,129,0.798,148,448,596,263,68,121,107,163,1249,0,0,0,0,1
"27",26411925.6838857,30,81,81,2687,530,1072,0.494,3,17,0.176,527,1055,0.5,0.496,350,440,0.795,115,515,630,307,70,131,176,208,1413,0,0,0,0,1
"28",26411925.6838857,26,75,75,2532,413,952,0.434,144,392,0.367,269,560,0.48,0.509,258,321,0.804,142,589,731,168,51,39,122,140,1228,0,0,0,1,0
"29",22707269.7873691,25,80,80,2796,692,1441,0.48,185,439,0.421,507,1002,0.506,0.544,268,294,0.912,60,229,289,285,72,42,172,202,1837,0,1,0,0,0
"30",23475478.6666667,23,80,80,2605,414,803,0.516,148,341,0.434,266,462,0.576,0.608,99,119,0.832,118,396,514,121,116,42,44,193,1075,0,0,1,0,0
"31",20112840.9914119,24,81,81,2744,413,625,0.661,0,1,0,413,624,0.662,0.661,311,476,0.653,314,721,1035,97,49,214,147,246,1137,0,0,0,0,1
"32",27389554.7269594,30,60,60,2244,426,918,0.464,193,468,0.412,233,450,0.518,0.569,299,365,0.819,48,238,286,417,88,19,173,170,1344,1,0,0,0,0
"33",21294697.5984068,23,80,80,2389,374,655,0.571,0,1,0,374,654,0.572,0.571,157,257,0.611,281,332,613,86,89,78,146,195,905,0,0,0,0,1
"34",21294697.5984068,22,80,80,2845,656,1259,0.521,49,180,0.272,607,1079,0.563,0.541,471,612,0.77,142,558,700,434,131,151,234,246,1832,0,0,1,0,0
"35",22060112.5012375,26,73,43,2125,413,682,0.606,0,0,0,413,682,0.606,0.606,214,329,0.65,238,627,865,30,44,269,137,201,1040,0,0,0,0,1
"36",22060112.5012375,23,66,59,2042,295,633,0.466,82,214,0.383,213,419,0.508,0.531,102,134,0.761,77,248,325,117,41,10,57,136,774,0,0,1,0,0
"37",22060112.5012375,27,61,51,1799,320,651,0.492,104,251,0.414,216,400,0.54,0.571,93,136,0.684,29,256,285,169,46,21,95,114,837,0,0,1,0,0
"38",22009938.0699048,22,75,75,2730,578,1235,0.468,157,378,0.415,421,857,0.491,0.532,315,365,0.863,55,182,237,389,114,20,186,146,1628,1,0,0,0,0
"39",22009938.0699048,23,64,64,2033,394,822,0.479,67,192,0.349,327,630,0.519,0.52,202,252,0.802,85,376,461,161,148,48,97,128,1057,0,0,1,0,0
"40",22009938.0699048,25,65,65,2513,421,912,0.462,73,193,0.378,348,719,0.484,0.502,386,463,0.834,114,265,379,212,114,36,93,108,1301,0,1,0,0,0
"41",14557939.1584269,23,74,74,2034,441,676,0.652,0,1,0,441,675,0.653,0.652,144,257,0.56,241,561,802,68,58,137,103,185,1026,0,0,0,0,1
"42",19830742.9216762,28,78,78,2640,502,1002,0.501,90,259,0.347,412,743,0.555,0.546,181,234,0.774,81,193,274,350,78,15,173,195,1275,0,1,0,0,0
"43",16956465.6887218,23,79,71,2566,429,929,0.462,156,390,0.4,273,539,0.506,0.546,199,238,0.836,33,192,225,213,96,2,133,214,1213,0,0,1,0,0
"44",19899894.1196654,24,67,67,2222,412,932,0.442,127,352,0.361,285,580,0.491,0.51,116,154,0.753,39,252,291,176,78,21,119,155,1067,0,1,0,0,0
"45",20400754.9088507,23,82,82,2980,579,1337,0.433,108,308,0.351,471,1029,0.458,0.473,317,394,0.805,38,295,333,721,149,40,295,219,1583,1,0,0,0,0
"46",26411925.6838857,29,71,71,2512,659,1415,0.466,37,105,0.352,622,1310,0.475,0.479,306,362,0.845,177,549,726,124,48,68,122,125,1661,0,0,0,1,0
"47",15226009.8606073,23,67,65,2304,440,908,0.485,156,394,0.396,284,514,0.553,0.57,134,162,0.827,37,139,176,194,122,15,119,119,1170,0,1,0,0,0
"48",19129161.4735238,23,82,15,2194,267,488,0.547,0,0,0,267,488,0.547,0.547,159,248,0.641,274,383,657,39,34,61,83,189,693,0,0,0,1,0
"49",19130328.5401775,24,79,79,2490,339,765,0.443,111,329,0.337,228,436,0.523,0.516,132,200,0.66,114,533,647,291,123,99,133,253,921,0,0,0,1,0
"51",18687385.6959831,27,66,7,2008,397,929,0.427,131,358,0.366,266,571,0.466,0.498,199,228,0.873,131,265,396,73,38,25,90,109,1124,0,0,0,1,0
"52",18663735.2920226,24,77,40,2268,432,996,0.434,72,241,0.299,360,755,0.477,0.47,181,218,0.83,56,271,327,462,62,9,186,167,1117,1,0,0,0,0
"53",19902302.9036681,22,58,57,1909,375,865,0.434,115,342,0.336,260,523,0.497,0.5,157,225,0.698,87,370,457,136,59,45,107,111,1022,0,0,0,1,0
"54",17974922.0665757,22,24,24,656,136,355,0.383,42,123,0.341,94,232,0.405,0.442,87,107,0.813,9,85,94,72,24,4,43,55,401,0,1,0,0,0
"55",18452624.4259619,23,81,8,2105,311,678,0.459,112,285,0.393,199,393,0.506,0.541,98,113,0.867,27,189,216,99,63,16,64,192,832,0,1,0,0,0
"56",16956465.6887218,23,82,22,1808,156,288,0.542,0,1,0,156,287,0.544,0.542,142,226,0.628,182,473,655,29,19,133,71,225,454,0,0,0,0,1
"57",15635631.0940228,24,79,30,2154,415,912,0.455,149,417,0.357,266,495,0.537,0.537,164,214,0.766,35,189,224,182,55,15,106,103,1143,0,1,0,0,0
"58",22009938.0699048,28,60,60,2024,337,752,0.448,173,445,0.389,164,307,0.534,0.563,109,145,0.752,38,184,222,139,77,10,81,132,956,0,1,0,0,0
"59",22009938.0699048,22,75,74,2135,482,928,0.519,16,45,0.356,466,883,0.528,0.528,183,234,0.782,277,394,671,55,36,29,145,189,1163,0,0,0,0,1
"60",16351461.9852656,27,81,12,2271,343,753,0.456,20,83,0.241,323,670,0.482,0.469,148,179,0.827,50,347,397,359,80,28,169,139,854,0,1,0,0,0
"61",19356614.4559846,24,43,40,1416,265,556,0.477,50,140,0.357,215,416,0.517,0.522,183,237,0.772,27,175,202,235,69,14,143,99,763,1,0,0,0,0
"62",18109654.9714286,23,63,61,2035,375,888,0.422,125,321,0.389,250,567,0.441,0.493,195,223,0.874,28,216,244,330,90,10,189,114,1070,1,0,0,0,0
"63",19719402.08,23,79,58,2378,406,869,0.467,109,268,0.407,297,601,0.494,0.53,134,156,0.859,48,299,347,182,122,11,113,183,1055,0,0,1,0,0
"64",15690054.0948547,26,75,68,2083,320,725,0.441,109,305,0.357,211,420,0.502,0.517,123,151,0.815,28,351,379,171,98,38,138,176,872,0,0,1,0,0
"65",14688017.0883244,23,79,78,2485,548,1214,0.451,100,294,0.34,448,920,0.487,0.493,218,255,0.855,42,206,248,499,74,16,258,149,1414,1,0,0,0,0
"66",20793908.2749714,24,77,77,2455,602,1299,0.463,239,545,0.439,363,754,0.481,0.555,225,256,0.879,27,220,247,222,87,60,149,122,1668,0,1,0,0,0
"67",19010775.3789248,27,79,79,2422,471,982,0.48,124,317,0.391,347,665,0.522,0.543,107,125,0.856,129,409,538,75,41,124,105,215,1173,0,0,0,1,0
"68",19482563.9639418,28,63,63,2134,335,750,0.447,126,324,0.389,209,426,0.491,0.531,349,387,0.902,39,286,325,135,40,15,82,93,1145,0,0,1,0,0
"69",15959026.5305617,29,71,71,1816,264,448,0.589,0,0,0,264,448,0.589,0.589,132,225,0.587,138,369,507,104,65,75,100,220,660,0,0,0,0,1
"70",15959026.5305617,29,76,48,1326,203,359,0.565,1,7,0.143,202,352,0.574,0.567,68,95,0.716,110,227,337,33,22,57,71,159,475,0,0,0,0,1
"71",14345192.9137593,23,60,59,1557,303,536,0.565,0,0,0,303,536,0.565,0.565,162,213,0.761,184,363,547,42,25,80,85,158,768,0,0,0,0,1
"72",21463294.7809524,22,68,63,2369,442,949,0.466,87,239,0.364,355,710,0.5,0.512,193,245,0.788,73,357,430,124,69,36,115,134,1164,0,0,1,0,0
"73",13373069.9894572,27,82,82,2653,332,661,0.502,16,43,0.372,316,618,0.511,0.514,136,167,0.814,188,459,647,158,88,95,107,254,816,0,0,0,1,0
"74",27653726.2562703,29,68,68,2325,630,1222,0.516,173,413,0.419,457,809,0.565,0.586,359,404,0.889,31,433,464,366,50,119,207,133,1792,0,0,0,1,0
"75",29157354.2401679,31,69,67,2343,430,972,0.442,75,241,0.311,355,731,0.486,0.481,311,405,0.768,111,422,533,252,90,62,158,186,1246,0,0,0,1,0
"76",15537080.9312498,29,81,80,2655,455,840,0.542,1,1,1,454,839,0.541,0.542,157,229,0.686,202,565,767,138,41,121,126,201,1068,0,0,0,0,1
"77",18243800.5638095,28,70,69,2189,318,653,0.487,120,304,0.395,198,349,0.567,0.579,127,181,0.702,99,273,372,118,94,17,75,154,883,0,0,1,0,0
"78",12767221.2244493,30,77,77,2362,353,850,0.415,204,510,0.4,149,340,0.438,0.535,45,71,0.634,43,174,217,130,81,21,59,204,955,0,1,0,0,0
"79",18952280.113967,30,49,49,1544,289,606,0.477,94,233,0.403,195,373,0.523,0.554,157,196,0.801,23,144,167,204,50,11,85,114,829,1,0,0,0,0
"80",18004666.1082687,28,82,82,2657,402,909,0.442,90,252,0.357,312,657,0.475,0.492,360,415,0.867,33,297,330,639,100,32,216,165,1254,1,0,0,0,0
"81",11925030.5034896,24,62,58,1725,253,443,0.571,0,1,0,253,442,0.572,0.571,133,196,0.679,135,270,405,99,62,58,65,189,639,0,0,0,0,1
"82",17036490.232381,24,22,22,692,78,219,0.356,13,51,0.255,65,168,0.387,0.386,57,71,0.803,19,106,125,193,38,1,64,59,226,1,0,0,0,0
"83",12218629.6874613,29,81,81,2338,338,747,0.452,152,378,0.402,186,369,0.504,0.554,120,144,0.833,127,394,521,110,58,77,62,133,948,0,0,0,1,0
"84",16969417.4361905,26,59,59,1638,234,437,0.535,0,1,0,234,436,0.537,0.535,98,127,0.772,190,204,394,55,16,84,73,122,566,0,0,0,0,1
"85",15072538.3944072,26,76,68,2434,451,968,0.466,38,115,0.33,413,853,0.484,0.486,131,200,0.655,127,284,411,173,124,25,117,171,1071,0,0,0,1,0
"86",10905116.0548559,27,81,40,2683,465,1028,0.452,156,422,0.37,309,606,0.51,0.528,182,226,0.805,70,339,409,331,82,52,149,168,1268,0,1,0,0,0
"87",15091379.1428571,24,74,74,2529,631,1206,0.523,2,6,0.333,629,1200,0.524,0.524,164,218,0.752,238,572,810,147,54,54,148,220,1428,0,0,0,0,1
"88",12353947.2708531,27,45,44,1481,231,552,0.418,113,294,0.384,118,258,0.457,0.521,111,125,0.888,10,89,99,121,43,14,73,98,686,0,1,0,0,0
"89",12966709.0560814,22,7,7,205,33,61,0.541,3,7,0.429,30,54,0.556,0.566,20,29,0.69,12,33,45,9,3,3,8,9,89,0,0,1,0,0
"90",11466129.46895,25,46,43,1384,281,663,0.424,85,215,0.395,196,448,0.438,0.488,82,127,0.646,18,135,153,200,42,20,103,95,729,0,1,0,0,0
"91",12922009.5132008,29,82,26,1972,204,451,0.452,123,279,0.441,81,172,0.471,0.589,50,68,0.735,23,238,261,225,96,8,107,163,581,0,0,1,0,0
"92",10287846.1695992,23,54,11,1614,189,515,0.367,75,249,0.301,114,266,0.429,0.44,97,133,0.729,43,146,189,259,71,23,129,133,550,0,1,0,0,0
"93",12368245.5611853,27,61,14,870,140,233,0.601,0,0,0,140,233,0.601,0.601,34,59,0.576,94,138,232,16,21,50,40,73,314,0,0,0,0,1
"94",11378161.5131871,25,75,6,1538,260,508,0.512,68,192,0.354,192,316,0.608,0.579,90,123,0.732,73,288,361,148,43,29,96,207,678,0,0,0,0,1
"95",12467989.4770013,23,79,79,2552,475,1098,0.433,111,320,0.347,364,778,0.468,0.483,164,204,0.804,93,220,313,192,88,7,135,168,1225,0,1,0,0,0
"96",5613587.58212506,23,36,5,863,118,243,0.486,27,71,0.38,91,172,0.529,0.541,51,64,0.797,28,81,109,79,24,14,47,66,314,0,1,0,0,0
"98",10153007.4746578,28,80,8,1754,273,621,0.44,147,355,0.414,126,266,0.474,0.558,66,80,0.825,24,117,141,280,65,3,101,109,759,1,0,0,0,0
"99",11213211.0160359,30,79,65,2334,290,639,0.454,82,217,0.378,208,422,0.493,0.518,99,118,0.839,29,176,205,136,85,28,72,134,761,0,1,0,0,0
"100",10242120.7332345,23,79,79,2088,480,951,0.505,0,7,0,480,944,0.508,0.505,172,273,0.63,189,519,708,143,64,111,183,247,1132,0,0,0,0,1
"101",15161824.0911736,36,64,39,1627,303,604,0.502,56,104,0.538,247,500,0.494,0.548,130,184,0.707,107,394,501,150,24,70,81,110,792,0,0,0,0,1
"102",14038726.18583,33,76,0,1998,219,415,0.528,64,177,0.362,155,238,0.651,0.605,72,102,0.706,51,253,304,261,76,39,58,97,574,0,0,1,0,0
"103",16097471.0857143,24,62,58,2119,378,981,0.385,85,280,0.304,293,701,0.418,0.429,234,283,0.827,35,185,220,318,89,31,100,92,1075,1,0,0,0,0
"104",12236190.6012798,25,57,1,960,164,291,0.564,0,1,0,164,290,0.566,0.564,69,117,0.59,87,134,221,54,18,109,64,131,397,0,0,0,0,1
"105",11679616.558709,24,59,3,866,93,208,0.447,24,74,0.324,69,134,0.515,0.505,36,42,0.857,39,127,166,57,37,11,33,68,246,0,0,1,0,0
"106",10831042.7837059,24,65,65,2142,529,1063,0.498,20,90,0.222,509,973,0.523,0.507,193,255,0.757,125,208,333,85,65,41,85,149,1271,0,0,1,0,0
"107",9645704.5229476,27,80,80,2532,345,836,0.413,203,550,0.369,142,286,0.497,0.534,116,136,0.853,55,378,433,156,137,72,126,238,1009,0,0,1,0,0
"108",14017460.5055803,27,78,75,2471,418,975,0.429,139,406,0.342,279,569,0.49,0.5,110,142,0.775,96,379,475,134,58,29,110,231,1085,0,0,1,0,0
"109",9306923.67637195,25,80,80,2336,246,541,0.455,144,355,0.406,102,186,0.548,0.588,47,58,0.81,22,226,248,96,55,14,55,125,683,0,1,0,0,0
"111",13014530.7542612,29,76,5,2085,368,769,0.479,87,256,0.34,281,513,0.548,0.535,152,215,0.707,66,310,376,276,76,86,171,197,975,0,0,0,1,0
"112",8965745.19705985,22,78,14,1457,195,411,0.474,39,140,0.279,156,271,0.576,0.522,69,111,0.622,101,179,280,67,49,35,62,124,498,0,0,1,0,0
"113",12359482.6907243,23,27,27,899,121,300,0.403,26,68,0.382,95,232,0.409,0.447,106,129,0.822,19,95,114,82,17,5,52,64,374,0,1,0,0,0
"114",10963808.3366121,26,67,27,1255,224,466,0.481,42,110,0.382,182,356,0.511,0.526,77,101,0.762,76,297,373,72,38,30,75,125,567,0,0,0,1,0
"115",8634599.48625784,24,70,18,1062,150,374,0.401,53,186,0.285,97,188,0.516,0.472,32,39,0.821,14,105,119,89,37,16,66,111,385,0,1,0,0,0
"116",8634599.48625784,24,81,81,2689,399,885,0.451,127,336,0.378,272,549,0.495,0.523,120,142,0.845,69,216,285,231,121,75,140,199,1045,0,0,1,0,0
"117",9189889.72468159,23,61,10,1333,195,435,0.448,86,228,0.377,109,207,0.527,0.547,35,46,0.761,51,263,314,92,8,18,77,183,511,0,0,0,1,0
"118",13305539.2249551,26,81,64,2148,334,623,0.536,0,6,0,334,617,0.541,0.536,174,300,0.58,170,435,605,284,69,92,134,226,842,0,0,0,0,1
"119",13414559.2380952,27,81,80,2312,322,738,0.436,191,457,0.418,131,281,0.466,0.566,111,127,0.874,54,289,343,158,101,87,93,163,946,0,1,0,0,0
"120",12058032.0569817,24,62,25,1545,193,471,0.41,67,196,0.342,126,275,0.458,0.481,43,64,0.672,55,169,224,135,81,16,91,138,496,0,1,0,0,0
"121",9582896.7120232,25,76,14,1867,207,511,0.405,98,239,0.41,109,272,0.401,0.501,57,66,0.864,33,129,162,337,44,9,116,178,569,1,0,0,0,0
"122",11453847.2026986,27,78,13,2048,300,728,0.412,76,226,0.336,224,502,0.446,0.464,238,292,0.815,42,211,253,235,58,42,150,165,914,0,1,0,0,0
"123",15578265.7910323,26,77,77,2153,395,702,0.563,14,63,0.222,381,639,0.596,0.573,140,215,0.651,198,354,552,102,54,82,88,164,944,0,0,0,0,1
"124",8353552.94959087,24,69,2,992,146,296,0.493,2,16,0.125,144,280,0.514,0.497,105,142,0.739,84,189,273,44,36,24,40,118,399,0,0,0,1,0
"125",7965194.95268106,24,74,67,1978,231,438,0.527,19,57,0.333,212,381,0.556,0.549,104,146,0.712,84,312,396,202,115,60,94,114,585,0,0,1,0,0
"126",9116691.40855261,24,82,17,1647,229,545,0.42,61,208,0.293,168,337,0.499,0.476,109,141,0.773,72,221,293,94,72,25,49,137,628,0,0,1,0,0
"128",8778824.10138149,26,59,22,1263,187,389,0.481,47,104,0.452,140,285,0.491,0.541,22,35,0.629,19,114,133,99,37,18,53,103,443,0,1,0,0,0
"129",9770983.27721551,22,14,0,235,42,87,0.483,5,18,0.278,37,69,0.536,0.511,25,31,0.806,4,22,26,43,8,3,20,20,114,1,0,0,0,0
"130",10329210.6133333,25,81,3,1348,182,358,0.508,0,0,0,182,358,0.508,0.508,55,85,0.647,121,305,426,37,29,63,69,148,419,0,0,0,0,1
"131",10731647.3904762,25,82,82,2581,512,1100,0.465,57,179,0.318,455,921,0.494,0.491,177,232,0.763,110,396,506,192,101,39,170,245,1258,0,0,0,1,0
"132",7432610.45369502,24,66,0,1040,128,221,0.579,0,0,0,128,221,0.579,0.579,60,93,0.645,124,187,311,40,25,17,33,110,316,0,0,0,0,1
"133",7192423.46974068,31,81,21,2236,199,482,0.413,70,196,0.357,129,286,0.451,0.485,72,93,0.774,117,354,471,99,116,19,66,196,540,0,0,1,0,0
"134",9974391.58160104,24,73,7,1747,270,626,0.431,131,339,0.386,139,287,0.484,0.536,49,62,0.79,21,164,185,56,54,25,46,120,720,0,0,1,0,0
"135",10443187.9859363,30,81,41,2098,233,487,0.478,100,238,0.42,133,249,0.534,0.581,72,98,0.735,54,232,286,170,75,18,80,190,638,0,0,0,1,0
"136",10789189.142328,24,74,3,1366,147,357,0.412,34,124,0.274,113,233,0.485,0.459,84,118,0.712,114,228,342,59,70,62,55,137,412,0,0,1,0,0
"137",8774204.45840251,25,79,79,2376,215,463,0.464,45,184,0.245,170,279,0.609,0.513,47,111,0.423,98,305,403,79,94,79,51,204,522,0,0,1,0,0
"138",9390191.46666667,23,79,14,1444,207,411,0.504,16,44,0.364,191,367,0.52,0.523,105,143,0.734,44,148,192,188,46,17,67,105,535,1,0,0,0,0
"139",7231433.89666075,28,62,0,1178,148,350,0.423,68,168,0.405,80,182,0.44,0.52,103,128,0.805,8,87,95,198,38,4,84,85,467,1,0,0,0,0
"140",13266596.0797769,31,78,71,1989,365,709,0.515,3,13,0.231,362,696,0.52,0.517,113,158,0.715,158,327,485,73,41,65,105,163,846,0,0,0,1,0
"141",6175145.8281692,27,59,5,1313,169,382,0.442,44,109,0.404,125,273,0.458,0.5,102,119,0.857,34,97,131,53,22,7,57,109,484,0,0,0,1,0
"142",7681590.31947813,23,81,1,1647,244,456,0.535,32,110,0.291,212,346,0.613,0.57,162,240,0.675,86,233,319,57,31,77,54,155,682,0,0,0,1,0
"143",9399950.41139011,27,52,18,1505,185,437,0.423,101,231,0.437,84,206,0.408,0.539,70,90,0.778,21,120,141,163,47,11,73,111,541,0,1,0,0,0
"144",8974486.46896288,25,78,53,2175,344,772,0.446,129,329,0.392,215,443,0.485,0.529,100,119,0.84,31,192,223,258,72,16,125,172,917,0,1,0,0,0
"145",5593917.09387828,21,81,81,2732,544,998,0.545,0,11,0,544,987,0.551,0.545,191,341,0.56,145,514,659,661,140,70,278,211,1279,1,0,0,0,0
"147",7651128.00704,20,82,82,2627,625,1153,0.542,30,88,0.341,595,1065,0.559,0.555,223,275,0.811,229,629,858,161,58,138,183,245,1503,0,0,0,0,1
"148",6658163.43139798,19,14,0,253,45,111,0.405,0,1,0,45,110,0.409,0.405,10,21,0.476,11,32,43,53,12,4,17,22,100,0,1,0,0,0
"149",7520747.08475101,29,76,29,1776,281,647,0.434,169,409,0.413,112,238,0.471,0.565,84,93,0.903,30,199,229,48,46,25,40,151,815,0,0,1,0,0
"150",11061490.5025081,27,46,46,1433,259,625,0.414,75,203,0.369,184,422,0.436,0.474,63,82,0.768,22,94,116,94,51,8,101,92,656,0,1,0,0,0
"151",11662941.3170215,35,73,5,1786,433,964,0.449,21,94,0.223,412,870,0.474,0.46,141,193,0.731,182,416,598,122,38,10,99,136,1028,0,0,0,1,0
"152",7979513.26528083,29,80,43,1951,201,505,0.398,89,258,0.345,112,247,0.453,0.486,91,125,0.728,36,176,212,140,69,18,64,195,582,0,0,1,0,0
"153",7374327.00167208,31,79,19,2589,582,1337,0.435,186,518,0.359,396,819,0.484,0.505,432,491,0.88,40,158,198,417,85,19,234,106,1782,0,1,0,0,0
"154",5268154.45287106,19,79,40,2279,276,686,0.402,55,187,0.294,221,499,0.443,0.442,133,214,0.621,60,256,316,166,50,36,116,158,740,0,0,1,0,0
"155",7289338.79694547,31,76,3,1345,173,316,0.547,1,3,0.333,172,313,0.55,0.549,42,60,0.7,28,123,151,139,38,20,62,120,389,1,0,0,0,0
"156",8701335.06940754,26,56,55,1727,204,532,0.383,115,323,0.356,89,209,0.426,0.492,45,60,0.75,67,170,237,192,59,23,83,182,568,1,0,0,0,0
"157",6845610.55391086,19,80,48,2259,392,956,0.41,130,370,0.351,262,586,0.447,0.478,140,190,0.737,47,227,274,266,93,13,196,142,1054,1,0,0,0,0
"158",21106430.0278358,29,77,77,2424,373,578,0.645,0,0,0,373,578,0.645,0.645,181,312,0.58,329,842,1171,117,39,71,137,203,927,0,0,0,0,1
"159",5957232.30366302,20,52,50,1780,203,564,0.36,90,295,0.305,113,269,0.42,0.44,32,71,0.451,69,291,360,376,88,43,136,117,528,1,0,0,0,0
"160",6633298.03988846,35,67,22,1753,239,515,0.464,162,359,0.451,77,156,0.494,0.621,38,42,0.905,7,179,186,110,34,21,69,107,678,0,1,0,0,0
"161",6759800.36605999,26,81,4,1768,237,508,0.467,92,216,0.426,145,292,0.497,0.557,64,81,0.79,40,160,200,79,19,16,56,122,630,0,0,1,0,0
"162",4730853.92715337,20,78,20,1341,192,423,0.454,46,135,0.341,146,288,0.507,0.508,85,124,0.685,45,175,220,64,35,18,68,142,515,0,0,1,0,0
"163",6452536.12646307,30,69,43,1729,277,613,0.452,91,253,0.36,186,360,0.517,0.526,105,135,0.778,118,287,405,90,61,26,72,157,750,0,0,0,1,0
"164",9949947.05983268,27,81,54,2083,376,845,0.445,144,392,0.367,232,453,0.512,0.53,217,243,0.893,37,240,277,111,34,7,131,146,1113,0,0,1,0,0
"165",6982074.10712073,23,66,0,1227,230,510,0.451,56,181,0.309,174,329,0.529,0.506,64,88,0.727,44,208,252,77,42,30,50,105,580,0,1,0,0,0
"166",6317427.02052701,25,74,2,1495,207,545,0.38,120,308,0.39,87,237,0.367,0.49,51,64,0.797,27,129,156,93,46,6,46,96,585,1,0,0,0,0
"167",5613587.58212506,27,54,4,508,105,174,0.603,0,0,0,105,174,0.603,0.603,87,114,0.763,73,121,194,21,12,23,29,54,297,0,0,0,0,1
"168",5991640.68885857,29,67,21,1371,171,371,0.461,76,183,0.415,95,188,0.505,0.563,36,45,0.8,53,221,274,86,50,16,52,141,454,0,0,0,1,0
"169",5349660.10776947,19,80,80,2438,397,835,0.475,105,242,0.434,292,593,0.492,0.538,213,258,0.826,50,352,402,128,83,58,114,170,1112,0,0,1,0,0
"170",9476140.05698351,29,68,64,2063,340,714,0.476,73,175,0.417,267,539,0.495,0.527,147,171,0.86,23,129,152,312,67,9,114,119,900,1,0,0,0,0
"171",6707279.61904762,25,81,35,2045,331,763,0.434,112,313,0.358,219,450,0.487,0.507,71,113,0.628,73,312,385,133,63,16,73,188,845,0,0,0,1,0
"172",5969968.23589961,27,78,8,1392,177,421,0.42,30,102,0.294,147,319,0.461,0.456,99,132,0.75,20,140,160,126,47,25,76,146,483,0,1,0,0,0
"173",18435817.5041802,22,31,3,743,160,332,0.482,31,81,0.383,129,251,0.514,0.529,40,54,0.741,42,109,151,59,25,10,45,50,391,0,0,0,1,0
"174",5542520.26952229,20,72,72,2047,373,886,0.421,81,243,0.333,292,643,0.454,0.467,201,240,0.838,132,394,526,94,53,134,121,205,1028,0,0,0,1,0
"175",7977037.20005487,23,76,0,1520,232,545,0.426,108,261,0.414,124,284,0.437,0.525,84,101,0.832,25,159,184,243,68,19,74,130,656,1,0,0,0,0
"176",5984634.94896062,27,77,53,2239,397,967,0.411,56,170,0.329,341,797,0.428,0.44,122,176,0.693,43,262,305,502,88,24,175,133,972,1,0,0,0,0
"178",7965194.95268106,23,82,49,2190,504,904,0.558,10,45,0.222,494,859,0.575,0.563,305,425,0.718,181,473,654,210,43,45,213,274,1323,0,0,0,0,1
"179",5613587.58212506,28,80,9,1666,208,515,0.404,103,309,0.333,105,206,0.51,0.504,30,46,0.652,37,211,248,49,89,56,54,173,549,0,0,1,0,0
"180",5979412.3575285,23,68,6,1055,134,341,0.393,94,247,0.381,40,94,0.426,0.531,44,49,0.898,18,68,86,40,37,8,33,114,406,0,1,0,0,0
"182",4920011.91758584,27,65,8,1599,154,384,0.401,94,253,0.372,60,131,0.458,0.523,43,60,0.717,62,231,293,76,40,23,38,120,445,0,0,0,1,0
"183",8086305.86608793,26,77,75,2101,250,500,0.5,55,145,0.379,195,355,0.549,0.555,134,167,0.802,167,377,544,84,47,34,94,248,689,0,0,0,1,0
"184",5754845.91314286,30,77,10,1362,225,536,0.42,54,167,0.323,171,369,0.463,0.47,76,94,0.809,23,111,134,263,33,1,70,104,580,1,0,0,0,0
"185",7681590.31947813,26,78,14,1975,305,621,0.491,150,358,0.419,155,263,0.589,0.612,86,104,0.827,51,209,260,128,35,20,91,153,846,0,1,0,0,0
"186",3508193.00708072,24,82,55,1888,327,767,0.426,148,379,0.391,179,388,0.461,0.523,64,76,0.842,35,234,269,121,38,9,101,115,866,0,1,0,0,0
"188",4987195.79080052,29,76,2,1181,244,503,0.485,4,16,0.25,240,487,0.493,0.489,54,67,0.806,53,166,219,62,33,65,57,163,546,0,0,0,0,1
"189",4558642.83676343,22,66,39,1412,191,339,0.563,0,2,0,191,337,0.567,0.563,81,125,0.648,134,218,352,37,48,66,46,146,463,0,0,0,0,1
"190",11845175.0712294,25,70,15,1679,258,625,0.413,129,377,0.342,129,248,0.52,0.516,99,128,0.773,61,323,384,75,53,55,80,128,744,0,0,0,1,0
"191",13826863.1281352,32,67,67,2269,268,651,0.412,170,462,0.368,98,189,0.519,0.542,76,89,0.854,33,261,294,105,98,13,52,132,782,0,0,1,0,0
"192",3967015.46433512,20,27,10,536,55,145,0.379,16,46,0.348,39,99,0.394,0.434,19,25,0.76,16,83,99,18,33,30,27,48,145,0,0,0,1,0
"193",3202617.54658679,19,82,10,1764,295,730,0.404,115,344,0.334,180,386,0.466,0.483,106,120,0.883,41,173,214,170,51,24,113,124,811,0,1,0,0,0
"194",6452536.12646307,25,77,10,1086,161,366,0.44,94,252,0.373,67,114,0.588,0.568,40,49,0.816,18,135,153,74,26,28,36,93,456,0,0,0,1,0
"196",6538536.63931862,27,76,37,1330,161,259,0.622,0,0,0,161,259,0.622,0.622,65,93,0.699,129,367,496,44,37,61,61,180,387,0,0,0,0,1
"197",4161518.22507886,19,68,66,2068,329,905,0.364,74,232,0.319,255,673,0.379,0.404,140,209,0.67,32,200,232,372,65,35,217,141,872,1,0,0,0,0
"198",4265369.02082322,19,43,0,574,57,161,0.354,28,101,0.277,29,60,0.483,0.441,4,11,0.364,23,80,103,23,10,22,32,74,146,0,0,0,1,0
"199",3812364.07722971,19,73,6,1687,225,600,0.375,63,205,0.307,162,395,0.41,0.428,80,102,0.784,58,248,306,118,55,12,114,178,593,0,0,1,0,0
"201",3317710.34763061,19,78,9,1706,182,500,0.364,50,157,0.318,132,343,0.385,0.414,49,68,0.721,37,140,177,250,65,18,131,181,463,1,0,0,0,0
"202",11430206.8525917,28,52,32,1607,366,809,0.452,114,286,0.399,252,523,0.482,0.523,164,209,0.785,44,221,265,269,57,17,117,96,1010,1,0,0,0,0
"203",5685684.03419011,30,45,36,1134,151,360,0.419,88,232,0.379,63,128,0.492,0.542,39,46,0.848,16,110,126,209,23,5,97,103,429,1,0,0,0,0
"204",11291938.2213104,33,70,70,2116,404,879,0.46,193,460,0.42,211,419,0.504,0.569,197,218,0.904,9,169,178,210,35,6,103,123,1198,0,1,0,0,0
"205",2697035.58609859,21,54,4,626,67,115,0.583,0,0,0,67,115,0.583,0.583,31,57,0.544,78,87,165,12,17,20,29,113,165,0,0,0,0,1
"206",3862603.08875817,22,78,7,1333,118,313,0.377,21,73,0.288,97,240,0.404,0.411,36,59,0.61,24,142,166,188,78,36,89,178,293,1,0,0,0,0
"207",5530745.25125406,24,76,3,1293,348,548,0.635,1,7,0.143,347,541,0.641,0.636,139,222,0.626,103,203,306,74,36,52,68,143,836,0,0,0,0,1
"208",5672559.09024147,31,80,2,1947,337,764,0.441,149,395,0.377,188,369,0.509,0.539,148,163,0.908,20,131,151,148,66,12,94,91,971,0,1,0,0,0
"209",11061490.5025081,24,74,74,2458,340,798,0.426,159,415,0.383,181,383,0.473,0.526,153,194,0.789,60,327,387,162,106,16,97,145,992,0,1,0,0,0
"210",3504580.43007086,22,81,3,1708,215,525,0.41,68,202,0.337,147,323,0.455,0.474,108,148,0.73,69,266,335,98,38,43,58,126,606,0,0,0,0,1
"212",2562022.22165004,19,57,34,562,83,181,0.459,28,74,0.378,55,107,0.514,0.536,32,49,0.653,40,74,114,23,10,26,17,84,226,0,0,0,0,1
"213",3049687.20225889,20,69,69,2049,404,1024,0.395,106,339,0.313,298,685,0.435,0.446,134,193,0.694,50,210,260,358,71,18,194,152,1048,1,0,0,0,0
"214",3329117.99523657,19,78,8,2232,195,462,0.422,32,116,0.276,163,346,0.471,0.457,80,117,0.684,81,322,403,117,68,26,95,184,502,0,0,1,0,0
"215",2433951.03374229,20,81,66,1632,192,481,0.399,51,159,0.321,141,322,0.438,0.452,44,67,0.657,46,242,288,82,39,32,83,200,479,0,0,0,1,0
"216",4823393.19356483,20,77,35,1959,389,932,0.417,57,217,0.263,332,715,0.464,0.448,177,279,0.634,95,256,351,119,80,35,146,218,1012,0,0,1,0,0
"217",3295422.46621658,34,67,8,1198,245,397,0.617,3,9,0.333,242,388,0.624,0.621,116,197,0.589,95,187,282,65,56,39,73,163,609,0,0,0,0,1
"218",22359627.7674543,32,81,81,2463,506,911,0.555,1,7,0.143,505,904,0.559,0.556,334,582,0.574,255,757,1012,105,48,131,208,249,1347,0,0,0,0,1
"219",2897083.44278123,20,66,1,1045,115,289,0.398,35,113,0.31,80,176,0.455,0.458,27,42,0.643,45,176,221,52,17,31,58,133,292,0,0,0,0,1
"220",3055782.93620114,19,60,30,1367,264,530,0.498,3,14,0.214,261,516,0.506,0.501,88,121,0.727,68,264,332,41,25,86,67,158,619,0,0,0,0,1
"221",2312343.25157941,22,81,36,2129,381,927,0.411,106,341,0.311,275,586,0.469,0.468,172,220,0.782,112,401,513,182,57,30,183,162,1040,0,0,0,1,0
"223",4927592.82963142,23,61,26,1176,180,419,0.43,65,170,0.382,115,249,0.462,0.507,70,93,0.753,19,110,129,51,29,6,62,108,495,0,1,0,0,0
"224",4787413.08948552,31,81,67,1485,210,446,0.471,3,21,0.143,207,425,0.487,0.474,59,78,0.756,130,304,434,93,22,51,80,200,482,0,0,0,0,1
"226",4974973.52991634,32,62,42,1596,174,395,0.441,41,120,0.342,133,275,0.484,0.492,55,75,0.733,54,216,270,107,96,31,58,97,444,0,0,1,0,0
"227",3004592.97814857,20,80,33,1382,191,436,0.438,49,128,0.383,142,308,0.461,0.494,57,82,0.695,59,240,299,59,26,18,65,114,488,0,0,0,1,0
"228",2752325.92727075,19,63,0,854,153,425,0.36,83,243,0.342,70,182,0.385,0.458,32,38,0.842,8,58,66,91,20,9,49,60,421,0,1,0,0,0
"229",9298288.91640833,31,57,6,1231,253,537,0.471,37,118,0.314,216,419,0.516,0.506,112,145,0.772,76,215,291,73,46,38,78,98,655,0,0,0,1,0
"230",3324404.86779814,24,43,0,476,89,187,0.476,59,122,0.484,30,65,0.462,0.634,5,9,0.556,7,50,57,21,11,3,24,40,242,0,1,0,0,0
"231",4608954.37604505,35,55,21,1071,178,388,0.459,10,37,0.27,168,351,0.479,0.472,55,78,0.705,7,88,95,195,28,1,68,52,421,1,0,0,0,0
"232",4738070.02849175,25,70,3,1237,170,337,0.504,46,110,0.418,124,227,0.546,0.573,49,64,0.766,76,164,240,95,30,41,55,97,435,0,0,0,0,1
"233",2757818.74640457,19,76,51,2108,367,867,0.423,99,289,0.343,268,578,0.464,0.48,215,256,0.84,27,160,187,200,44,20,160,225,1048,0,1,0,0,0
"234",2614732.37364335,21,73,9,1463,206,465,0.443,81,195,0.415,125,270,0.463,0.53,65,76,0.855,21,155,176,124,44,13,69,86,558,0,1,0,0,0
"236",1982350.48049372,21,62,9,842,101,224,0.451,46,113,0.407,55,111,0.495,0.554,57,76,0.75,43,144,187,29,30,12,31,62,305,0,0,0,1,0
"238",2575917.323136,20,63,9,671,90,211,0.427,25,79,0.316,65,132,0.492,0.486,31,49,0.633,25,108,133,13,22,7,34,100,236,0,0,1,0,0
"239",2933907.43737846,19,82,75,1743,284,632,0.449,72,224,0.321,212,408,0.52,0.506,113,181,0.624,96,252,348,60,67,70,108,263,753,0,0,0,1,0
"240",8296117.87688109,31,65,63,1705,231,494,0.468,50,150,0.333,181,344,0.526,0.518,25,46,0.543,31,232,263,533,70,10,151,119,537,1,0,0,0,0
"241",2863461.30195508,25,57,3,719,61,147,0.415,9,37,0.243,52,110,0.473,0.446,23,33,0.697,25,58,83,92,26,6,38,60,154,0,1,0,0,0
"242",4264263.02564258,27,82,4,1639,233,538,0.433,97,273,0.355,136,265,0.513,0.523,66,80,0.825,27,198,225,102,65,31,66,109,629,0,1,0,0,0
"243",2359900.01523094,20,69,19,1368,174,340,0.512,0,7,0,174,333,0.523,0.512,129,179,0.721,118,263,381,101,32,41,66,138,477,0,0,0,0,1
"245",2447298.52916114,21,39,0,311,29,106,0.274,6,27,0.222,23,79,0.291,0.302,8,10,0.8,24,39,63,37,6,1,19,23,72,1,0,0,0,0
"246",4009790.3071592,24,69,13,1395,214,378,0.566,1,3,0.333,213,375,0.568,0.567,158,231,0.684,175,343,518,82,27,61,78,158,587,0,0,0,0,1
"247",2624578.24379038,22,6,0,23,2,8,0.25,0,0,0,2,8,0.25,0.25,2,4,0.5,2,9,11,1,2,0,2,6,6,0,0,0,0,1
"248",2241637.78731979,22,68,41,1506,185,419,0.442,57,185,0.308,128,234,0.547,0.51,26,36,0.722,27,160,187,74,28,13,40,81,453,0,0,1,0,0
"249",3621439.58873705,20,68,68,2020,374,862,0.434,145,401,0.362,229,461,0.497,0.518,140,166,0.843,79,429,508,79,39,40,83,103,1033,0,0,0,1,0
"250",2504408.30825793,22,61,12,672,90,186,0.484,32,87,0.368,58,99,0.586,0.57,26,46,0.565,19,101,120,41,22,3,32,78,238,0,0,1,0,0
"252",2129743.52552693,22,33,4,235,26,61,0.426,12,37,0.324,14,24,0.583,0.525,15,22,0.682,17,35,52,16,4,5,12,23,79,0,0,0,1,0
"253",2208573.03296,21,3,0,6,0,0,NA,0,0,0,0,0,NA,NA,0,0,NA,0,1,1,0,1,0,0,0,0,0,0,0,1,0
"254",1623152.6908571,20,22,1,165,33,73,0.452,9,28,0.321,24,45,0.533,0.514,8,10,0.8,5,12,17,11,7,0,8,10,83,0,1,0,0,0
"256",2023193.80672621,21,22,0,71,9,16,0.563,2,5,0.4,7,11,0.636,0.625,1,2,0.5,2,8,10,3,3,1,4,7,21,0,0,0,1,0
"257",2109251.63636114,23,76,6,1265,154,391,0.394,22,100,0.22,132,291,0.454,0.422,96,123,0.78,23,120,143,177,50,10,87,97,426,1,0,0,0,0
"258",1558279.24801037,22,57,26,1237,171,380,0.45,59,184,0.321,112,196,0.571,0.528,67,93,0.72,23,165,188,110,49,8,59,91,468,0,0,1,0,0
"261",1495919.3518422,22,38,1,371,47,98,0.48,1,18,0.056,46,80,0.575,0.485,6,16,0.375,14,45,59,28,8,5,16,21,101,0,0,1,0,0
"262",2024739.91316114,23,27,1,229,36,80,0.45,5,13,0.385,31,67,0.463,0.481,26,35,0.743,8,29,37,31,8,3,16,7,103,1,0,0,0,0
"263",1922102.34459831,20,53,0,459,64,136,0.471,18,42,0.429,46,94,0.489,0.537,10,16,0.625,29,53,82,9,5,4,10,45,156,0,0,0,1,0
"264",1943769.6336,22,55,9,647,71,175,0.406,22,83,0.265,49,92,0.533,0.469,44,55,0.8,18,114,132,29,19,25,24,45,208,0,0,1,0,0
"267",1835452.51991725,20,74,26,1785,314,545,0.576,16,47,0.34,298,498,0.598,0.591,133,186,0.715,176,365,541,98,47,80,105,215,777,0,0,0,1,0
"268",1803077.73631086,20,62,4,1102,186,436,0.427,16,52,0.308,170,384,0.443,0.445,48,66,0.727,123,214,337,52,25,22,54,100,436,0,0,0,1,0
"269",1791487.55712914,21,29,17,615,63,138,0.457,4,14,0.286,59,124,0.476,0.471,37,52,0.712,39,115,154,43,39,16,26,61,167,0,0,1,0,0
"272",3032364.81823472,30,63,3,810,60,120,0.5,0,1,0,60,119,0.504,0.5,42,56,0.75,68,82,150,53,43,74,20,105,162,0,0,0,0,1
"273",2086842.20670257,23,57,0,976,102,288,0.354,73,208,0.351,29,80,0.363,0.481,14,18,0.778,11,140,151,63,30,7,49,86,291,0,1,0,0,0
"274",1719853.81079771,19,37,0,573,56,156,0.359,16,53,0.302,40,103,0.388,0.41,28,39,0.718,7,40,47,108,31,3,33,33,156,1,0,0,0,0
"275",5991640.68885857,22,75,30,1657,273,617,0.442,90,267,0.337,183,350,0.523,0.515,86,105,0.819,41,240,281,106,81,31,86,134,722,0,0,1,0,0
"276",1192977.13072581,22,55,38,859,103,205,0.502,1,7,0.143,102,198,0.515,0.505,22,32,0.688,64,121,185,17,26,45,33,109,229,0,0,0,1,0
"277",1651117.60926171,21,27,0,380,54,116,0.466,0,2,0,54,114,0.474,0.466,45,62,0.726,39,47,86,15,8,7,19,58,153,0,0,0,1,0
"278",1185795.56878706,20,33,12,612,117,218,0.537,3,8,0.375,114,210,0.543,0.544,52,74,0.703,51,111,162,27,16,13,37,64,289,0,0,0,1,0
"279",1691491.00017156,19,61,12,763,70,169,0.414,40,120,0.333,30,49,0.612,0.533,9,10,0.9,19,28,47,19,24,10,11,83,189,0,1,0,0,0
"280",1177058.00176158,20,38,8,322,50,116,0.431,9,23,0.391,41,93,0.441,0.47,21,30,0.7,6,36,42,48,8,6,38,29,130,1,0,0,0,0
"281",1168559.82013405,21,10,0,85,8,16,0.5,0,0,0,8,16,0.5,0.5,3,10,0.3,9,14,23,0,1,4,6,15,19,0,0,0,0,1
"283",5779628.7875605,30,77,2,2041,285,700,0.407,227,579,0.392,58,121,0.479,0.569,67,78,0.859,23,195,218,79,53,8,52,94,864,0,1,0,0,0
"284",2765372.62562703,24,82,21,2282,311,730,0.426,134,359,0.373,177,371,0.477,0.518,82,103,0.796,26,223,249,201,64,9,78,153,838,0,1,0,0,0
"285",1623945.07384538,19,72,31,1441,234,397,0.589,5,15,0.333,229,382,0.599,0.596,114,147,0.776,144,244,388,49,28,88,82,147,587,0,0,0,0,1
"287",1550186.46555429,23,63,22,1266,158,300,0.527,1,10,0.1,157,290,0.541,0.528,32,47,0.681,101,211,312,44,54,23,41,124,349,0,0,0,1,0
"288",1224214.95304965,23,73,0,1150,65,188,0.346,40,125,0.32,25,63,0.397,0.452,25,41,0.61,37,124,161,20,21,4,25,91,195,0,0,0,1,0
"289",2880596.48502816,24,80,12,1517,209,497,0.421,89,228,0.39,120,269,0.446,0.51,48,72,0.667,12,98,110,80,28,2,37,108,555,0,1,0,0,0
"292",1559014.56217493,21,32,2,214,49,67,0.731,0,0,0,49,67,0.731,0.731,21,29,0.724,24,36,60,5,2,13,11,30,119,0,0,0,0,1
"293",1559014.56217493,20,74,62,1481,163,346,0.471,73,197,0.371,90,149,0.604,0.577,39,62,0.629,44,140,184,55,52,14,45,130,438,0,0,1,0,0
"294",1371478.84247014,22,72,22,1324,246,465,0.529,4,15,0.267,242,450,0.538,0.533,91,125,0.728,170,332,502,96,41,36,100,150,587,0,0,0,0,1
"295",5300297.53245181,32,79,14,1757,219,472,0.464,159,365,0.436,60,107,0.561,0.632,106,133,0.797,50,191,241,90,32,21,58,144,703,0,0,0,1,0
"296",2483961.64085697,21,79,71,2638,595,1362,0.437,187,550,0.34,408,812,0.502,0.506,239,297,0.805,52,244,296,291,118,27,215,213,1616,0,1,0,0,0
"301",1699756.0182038,20,19,2,146,23,64,0.359,10,35,0.286,13,29,0.448,0.438,4,8,0.5,8,33,41,7,1,1,14,6,60,0,0,0,1,0
"302",4919597.90099049,27,48,48,1737,406,864,0.47,104,294,0.354,302,570,0.53,0.53,294,394,0.746,105,512,617,257,79,76,242,183,1210,0,0,0,0,1
"303",1389126.32323333,20,27,3,189,24,60,0.4,1,8,0.125,23,52,0.442,0.408,12,18,0.667,15,39,54,14,5,3,18,37,61,0,0,0,1,0
"304",1442065.11809524,22,51,1,702,114,222,0.514,8,44,0.182,106,178,0.596,0.532,51,74,0.689,62,73,135,33,19,40,32,92,287,0,0,0,1,0
"307",1348985.39395194,22,77,37,2401,468,1039,0.45,159,434,0.366,309,605,0.511,0.527,147,208,0.707,88,395,483,141,49,34,140,160,1242,0,0,0,1,0
"308",1331018.6324039,23,17,0,139,16,33,0.485,8,13,0.615,8,20,0.4,0.606,14,20,0.7,5,21,26,9,4,3,6,8,54,1,0,0,0,0
"309",2369035.01424588,25,31,5,467,54,128,0.422,28,73,0.384,26,55,0.473,0.531,5,7,0.714,13,51,64,29,18,3,10,22,141,0,0,1,0,0
"310",4608954.37604505,39,77,77,1900,346,758,0.456,138,337,0.409,208,421,0.494,0.547,97,108,0.898,22,416,438,120,43,45,51,146,927,0,0,0,0,1
"311",1321466.68322646,22,63,23,1461,176,375,0.469,78,197,0.396,98,178,0.551,0.573,66,94,0.702,42,221,263,80,47,16,47,107,496,0,1,0,0,0
"312",1394301.79963202,24,9,0,32,4,11,0.364,0,4,0,4,7,0.571,0.364,1,2,0.5,3,6,9,3,2,0,3,1,9,0,0,0,1,0
"313",2129743.52552693,20,1,0,4,1,2,0.5,0,0,0,1,2,0.5,0.5,0,0,NA,0,0,0,0,1,0,0,1,2,0,0,0,0,1
"316",1243848.93656216,22,3,0,25,4,6,0.667,0,1,0,4,5,0.8,0.667,2,2,1,0,2,2,7,3,0,1,1,10,1,0,0,0,0
"319",1436192.69505157,21,22,0,198,28,68,0.412,8,28,0.286,20,40,0.5,0.471,15,19,0.789,3,20,23,11,5,1,8,23,79,0,1,0,0,0
"321",704389.115400914,23,81,17,1606,218,464,0.47,31,89,0.348,187,375,0.499,0.503,26,41,0.634,43,207,250,367,95,10,140,114,493,1,0,0,0,0
"322",4101047.60380489,27,77,10,1387,224,384,0.583,4,17,0.235,220,367,0.599,0.589,98,127,0.772,121,349,470,158,36,98,100,192,550,0,0,0,0,1
"323",4101047.60380489,27,82,7,1850,303,709,0.427,67,232,0.289,236,477,0.495,0.475,84,127,0.661,62,362,424,235,46,17,131,177,757,0,1,0,0,0
"324",4101047.60380489,28,78,0,1471,170,292,0.582,0,1,0,170,291,0.584,0.582,74,111,0.667,183,392,575,40,32,52,66,188,414,0,0,0,0,1
"325",1935760.83793892,25,41,0,498,69,151,0.457,19,47,0.404,50,104,0.481,0.52,26,35,0.743,7,42,49,75,13,4,36,38,183,1,0,0,0,0
"327",3982597.47634053,31,61,15,1564,166,345,0.481,63,173,0.364,103,172,0.599,0.572,65,95,0.684,22,164,186,55,72,25,68,100,460,0,0,0,1,0
"328",3982597.47634053,29,76,1,1406,276,524,0.527,66,163,0.405,210,361,0.582,0.59,50,76,0.658,50,197,247,80,23,10,79,148,668,0,0,0,1,0
"329",1989989.41196654,27,82,3,1944,216,487,0.444,147,358,0.411,69,129,0.535,0.594,58,67,0.866,18,146,164,111,28,17,58,160,637,0,0,1,0,0
"330",1323561.86531213,21,69,19,1190,145,361,0.402,50,161,0.311,95,200,0.475,0.471,105,123,0.854,25,124,149,75,32,10,73,154,445,0,0,1,0,0
"331",1122339.81413904,23,52,2,984,144,380,0.379,31,86,0.36,113,294,0.384,0.42,94,115,0.817,30,100,130,147,34,10,65,72,413,1,0,0,0,0
"332",1106181.10011387,24,48,1,522,50,149,0.336,23,65,0.354,27,84,0.321,0.413,23,39,0.59,13,58,71,26,15,10,34,45,146,0,0,1,0,0
"334",1042375.40626819,23,44,2,474,72,161,0.447,22,68,0.324,50,93,0.538,0.516,16,23,0.696,9,75,84,31,12,2,17,34,182,0,1,0,0,0
"336",3756297.81647672,24,23,1,338,36,85,0.424,14,34,0.412,22,51,0.431,0.506,9,11,0.818,11,26,37,17,13,1,5,14,95,0,0,1,0,0
"338",994994.705983268,23,62,12,1020,93,218,0.427,9,46,0.196,84,172,0.488,0.447,34,47,0.723,36,101,137,57,33,12,30,81,229,0,0,1,0,0
"339",1843581.75041802,27,39,5,629,62,137,0.453,17,58,0.293,45,79,0.57,0.515,22,35,0.629,40,87,127,25,12,15,20,63,163,0,0,1,0,0
"341",900233.305413433,19,11,0,30,4,9,0.444,0,0,0,4,9,0.444,0.444,5,6,0.833,5,4,9,0,1,3,2,1,13,0,0,0,0,1
"348",1032214.87440936,19,38,11,609,126,238,0.529,0,3,0,126,235,0.536,0.529,32,49,0.653,41,118,159,30,14,33,30,66,284,0,0,0,0,1
"351",772888.19725766,22,53,6,713,72,192,0.375,11,43,0.256,61,149,0.409,0.404,20,25,0.8,4,120,124,38,16,2,23,46,175,0,1,0,0,0
"352",772888.19725766,22,82,74,2350,340,772,0.44,94,264,0.356,246,508,0.484,0.501,124,166,0.747,49,208,257,135,73,17,124,233,898,0,0,1,0,0
"353",772888.19725766,22,54,4,776,82,205,0.4,32,91,0.352,50,114,0.439,0.478,21,24,0.875,27,116,143,25,31,13,25,80,217,0,1,0,0,0
"354",772888.19725766,23,73,17,1156,100,233,0.429,23,61,0.377,77,172,0.448,0.479,59,88,0.67,33,107,140,68,48,25,53,125,282,0,1,0,0,0
"355",772888.19725766,24,69,4,1150,120,284,0.423,42,118,0.356,78,166,0.47,0.496,61,76,0.803,25,211,236,95,36,16,55,105,343,0,0,1,0,0
"356",1790506.87540524,26,74,10,1535,223,531,0.42,82,218,0.376,141,313,0.45,0.497,116,138,0.841,26,144,170,150,81,14,90,84,644,1,0,0,0,0
"357",872759.263390091,24,75,28,1982,290,635,0.457,78,193,0.404,212,442,0.48,0.518,109,126,0.865,47,166,213,317,84,12,113,140,767,0,1,0,0,0
"358",1619982.0160277,23,30,6,472,55,105,0.524,0,1,0,55,104,0.529,0.524,21,28,0.75,48,120,168,20,31,22,26,59,131,0,0,0,0,1
"365",3226268.06323154,29,74,30,1653,409,807,0.507,34,86,0.395,375,721,0.52,0.528,124,159,0.78,97,317,414,123,36,43,143,145,976,0,0,0,1,0
"366",3201275.54723199,25,60,23,1616,322,751,0.429,127,333,0.381,195,418,0.467,0.513,111,129,0.86,22,143,165,95,45,12,70,105,882,0,1,0,0,0
"367",1494605.55192702,27,72,22,1604,182,384,0.474,51,153,0.333,131,231,0.567,0.54,97,116,0.836,73,151,224,71,47,18,56,134,512,0,0,1,0,0
"368",598463.494896062,22,35,1,249,26,89,0.292,13,51,0.255,13,38,0.342,0.365,13,17,0.765,6,18,24,11,9,3,11,22,78,0,0,1,0,0
"369",1496699.4651602,21,1,0,2,0,0,NA,0,0,0,0,0,NA,NA,0,0,NA,0,0,0,0,0,0,0,0,0,0,0,0,1,0
"370",542079.25672443,25,78,65,1966,190,460,0.413,73,220,0.332,117,240,0.488,0.492,44,71,0.62,94,162,256,124,46,18,56,140,497,0,1,0,0,0
"371",542079.25672443,20,17,0,199,36,76,0.474,0,0,0,36,76,0.474,0.474,15,21,0.714,23,50,73,4,4,7,7,17,87,0,0,0,1,0
"372",542079.25672443,23,81,35,1642,124,333,0.372,56,191,0.293,68,142,0.479,0.456,46,61,0.754,55,167,222,67,52,25,45,125,350,0,0,0,1,0
"373",3117496.73995687,29,74,72,1735,369,793,0.465,112,325,0.345,257,468,0.549,0.536,111,158,0.703,74,220,294,126,30,98,98,195,961,0,0,0,0,1
"375",1512658.82621799,25,82,5,1488,165,390,0.423,74,210,0.352,91,180,0.506,0.518,37,44,0.841,36,125,161,91,23,22,43,120,441,0,1,0,0,0
"376",2029087.57181021,20,17,0,145,22,53,0.415,4,11,0.364,18,42,0.429,0.453,13,21,0.619,13,25,38,3,5,7,2,11,61,0,0,0,1,0
"377",1394301.79963202,24,63,2,1050,96,221,0.434,40,97,0.412,56,124,0.452,0.525,41,59,0.695,42,79,121,59,33,2,27,109,273,0,1,0,0,0
"378",1394301.79963202,20,20,8,245,21,53,0.396,3,18,0.167,18,35,0.514,0.425,16,24,0.667,21,17,38,9,4,13,7,24,61,0,0,1,0,0
"379",1340798.00894271,20,9,0,29,3,11,0.273,0,1,0,3,10,0.3,0.273,2,2,1,4,7,11,1,0,0,0,1,8,0,0,0,0,1
"380",2765372.62562703,23,63,63,1808,329,667,0.493,30,92,0.326,299,575,0.52,0.516,109,168,0.649,64,210,274,393,83,22,168,147,797,1,0,0,0,0
"381",1389126.32323333,20,14,0,80,8,28,0.286,5,17,0.294,3,11,0.273,0.375,2,4,0.5,2,9,11,4,2,1,2,12,23,0,1,0,0,0
"382",1243848.93656216,23,30,19,851,110,247,0.445,10,40,0.25,100,207,0.483,0.466,61,78,0.782,21,84,105,71,27,13,46,83,291,1,0,0,0,0
"383",1243848.93656216,21,19,0,314,53,143,0.371,15,52,0.288,38,91,0.418,0.423,30,39,0.769,4,29,33,20,7,1,11,19,151,0,1,0,0,0
"384",1243848.93656216,23,13,1,115,15,26,0.577,3,7,0.429,12,19,0.632,0.635,6,13,0.462,6,13,19,8,3,1,8,7,39,0,1,0,0,0
"385",724811.107938519,22,12,0,159,19,54,0.352,1,10,0.1,18,44,0.409,0.361,19,33,0.576,4,13,17,22,3,0,7,20,58,1,0,0,0,0
"386",1221862.38060667,24,23,2,384,59,124,0.476,6,26,0.231,53,98,0.541,0.5,28,38,0.737,9,52,61,55,26,7,22,42,152,1,0,0,0,0
"387",1243848.56763372,22,14,5,236,25,58,0.431,7,28,0.25,18,30,0.6,0.491,14,22,0.636,1,15,16,13,6,1,12,18,71,0,1,0,0,0
"388",2648581.14592689,26,70,42,2029,338,703,0.481,137,322,0.425,201,381,0.528,0.578,85,100,0.85,25,154,179,189,79,7,92,126,898,1,0,0,0,0
"389",1243848.93656216,25,14,0,53,8,15,0.533,3,9,0.333,5,6,0.833,0.633,2,3,0.667,1,6,7,1,1,1,3,8,21,0,0,1,0,0
"390",743080.998708419,24,57,0,703,116,255,0.455,31,70,0.443,85,185,0.459,0.516,22,29,0.759,7,40,47,100,11,5,48,54,285,1,0,0,0,0
"391",2292493.90664481,30,73,25,1562,164,364,0.451,58,168,0.345,106,196,0.541,0.53,31,52,0.596,78,220,298,48,39,30,33,111,417,0,0,1,0,0
"393",25743904.6135598,33,78,78,2501,472,1168,0.404,169,474,0.357,303,694,0.437,0.476,148,193,0.767,67,386,453,103,47,49,99,197,1261,0,0,0,1,0
"394",2206663.19288147,33,82,2,1365,224,552,0.406,81,230,0.352,143,322,0.444,0.479,36,44,0.818,25,131,156,203,49,16,76,91,565,1,0,0,0,0
"395",2206663.19288147,30,74,18,1171,140,260,0.538,10,32,0.313,130,228,0.57,0.558,52,85,0.612,123,207,330,118,45,44,55,192,342,0,0,0,0,1
"396",4330677.69410083,37,80,0,1653,308,742,0.415,104,314,0.331,204,428,0.477,0.485,102,113,0.903,21,78,99,185,40,9,95,85,822,0,1,0,0,0
"397",2206663.19288147,33,69,57,972,149,264,0.564,0,1,0,149,263,0.567,0.564,75,93,0.806,89,232,321,109,38,17,72,122,373,0,0,0,0,1
"398",15438111.1756202,32,1,1,13,1,2,0.5,0,0,0,1,2,0.5,0.5,0,0,NA,0,0,0,1,1,0,1,0,2,0,0,1,0,0
"399",2206663.19288147,34,53,1,695,104,212,0.491,39,115,0.339,65,97,0.67,0.583,17,19,0.895,12,123,135,38,18,13,21,69,264,0,0,0,0,1
"400",2206663.19288147,31,78,13,1828,295,618,0.477,53,170,0.312,242,448,0.54,0.52,203,234,0.868,60,186,246,99,41,34,75,149,846,0,0,0,1,0
"401",2206663.19288147,36,57,32,914,93,185,0.503,45,97,0.464,48,88,0.545,0.624,24,30,0.8,14,70,84,117,27,2,41,81,255,1,0,0,0,0
"402",1394301.79963202,32,41,2,929,168,413,0.407,110,298,0.369,58,115,0.504,0.54,51,60,0.85,15,118,133,25,24,15,31,87,497,0,1,0,0,0
"403",2206663.19288147,30,65,17,615,136,219,0.621,0,6,0,136,213,0.638,0.621,38,52,0.731,59,110,169,33,21,57,27,91,310,0,0,0,0,1
"404",2006056.61008236,29,25,7,420,81,186,0.435,7,30,0.233,74,156,0.474,0.454,40,46,0.87,13,22,35,37,7,4,35,16,209,1,0,0,0,0
"405",2206663.19288147,36,67,3,1536,299,682,0.438,32,111,0.288,267,571,0.468,0.462,135,189,0.714,50,202,252,228,61,47,140,124,765,0,1,0,0,0
"406",2206663.19288147,41,58,5,1026,114,283,0.403,57,165,0.345,57,118,0.483,0.504,28,37,0.757,18,130,148,69,42,26,36,96,313,0,0,1,0,0
"407",2206663.19288147,37,14,0,72,3,15,0.2,1,8,0.125,2,7,0.286,0.233,1,2,0.5,3,7,10,5,0,2,2,3,8,0,0,0,0,1
"408",2206663.19288147,34,71,1,1340,187,454,0.412,79,227,0.348,108,227,0.476,0.499,142,170,0.835,12,115,127,152,47,12,76,158,595,1,0,0,0,0
"410",900233.305413433,20,36,5,516,86,152,0.566,0,0,0,86,152,0.566,0.566,29,36,0.806,53,105,158,32,12,13,35,55,201,0,0,0,1,0
"417",772888.19725766,25,42,0,578,68,126,0.54,0,0,0,68,126,0.54,0.54,42,61,0.689,70,110,180,34,15,21,21,56,178,0,0,0,0,1
"418",772888.19725766,23,57,13,809,116,185,0.627,0,4,0,116,181,0.641,0.627,30,44,0.682,60,147,207,102,35,56,51,92,262,0,0,0,0,1
"419",772888.19725766,21,56,5,974,144,382,0.377,72,199,0.362,72,183,0.393,0.471,45,63,0.714,17,113,130,79,17,5,37,63,405,0,1,0,0,0
"420",772888.19725766,20,15,0,72,8,21,0.381,1,10,0.1,7,11,0.636,0.405,5,9,0.556,3,14,17,6,1,2,2,6,22,0,0,0,0,1
"421",772888.19725766,25,63,3,936,126,233,0.541,18,58,0.31,108,175,0.617,0.579,61,81,0.753,90,184,274,56,30,48,56,157,331,0,0,0,0,1
"422",772888.19725766,26,72,36,1206,151,309,0.489,40,128,0.313,111,181,0.613,0.553,44,59,0.746,71,163,234,51,26,47,30,114,386,0,0,0,1,0
"423",2006056.61008236,29,53,7,740,120,207,0.58,10,22,0.455,110,185,0.595,0.604,50,69,0.725,30,170,200,51,18,19,37,71,300,0,0,1,0,0
"424",1996120.62623848,30,74,19,1134,159,341,0.466,65,157,0.414,94,184,0.511,0.562,46,57,0.807,53,193,246,42,24,12,27,127,429,0,0,0,1,0
"425",1996120.62623848,27,51,14,1040,218,386,0.565,0,0,0,218,386,0.565,0.565,88,119,0.739,109,241,350,114,44,23,94,95,524,0,0,0,0,1
"426",1996120.62623848,29,23,1,196,14,49,0.286,3,22,0.136,11,27,0.407,0.316,14,17,0.824,8,19,27,9,8,2,11,24,45,0,0,1,0,0
"427",12522529.0397144,35,46,46,1151,121,187,0.647,0,0,0,121,187,0.647,0.647,58,93,0.624,134,284,418,53,16,27,59,106,300,0,0,0,0,1
"428",2316092.67484103,27,69,3,1365,178,414,0.43,48,139,0.345,130,275,0.473,0.488,69,97,0.711,23,143,166,272,54,8,89,91,473,1,0,0,0,0
"429",1870740.4749743,28,32,15,862,157,421,0.373,55,188,0.293,102,233,0.438,0.438,117,131,0.893,17,50,67,153,15,3,95,58,486,1,0,0,0,0
"430",2136198.67213375,20,33,1,405,36,115,0.313,3,22,0.136,33,93,0.355,0.326,31,37,0.838,11,35,46,61,18,7,39,40,106,1,0,0,0,0
"431",1619982.0160277,26,74,2,1455,222,495,0.448,62,195,0.318,160,300,0.533,0.511,45,59,0.763,10,117,127,110,33,10,57,120,551,0,1,0,0,0
"432",18676563.4706403,32,7,0,40,5,10,0.5,0,0,0,5,10,0.5,0.5,2,4,0.5,6,8,14,4,2,2,4,5,12,0,0,0,0,1
"433",1494605.55192702,22,54,16,875,104,234,0.444,20,66,0.303,84,168,0.5,0.487,36,58,0.621,70,241,311,34,19,17,31,68,264,0,0,0,1,0
"434",1494605.55192702,27,59,11,838,68,172,0.395,17,56,0.304,51,116,0.44,0.445,23,30,0.767,18,97,115,194,47,7,57,97,176,1,0,0,0,0
"435",1494605.55192702,24,41,0,523,60,154,0.39,40,100,0.4,20,54,0.37,0.519,21,29,0.724,4,60,64,39,9,4,26,24,181,0,1,0,0,0
"436",1492619.09259094,22,20,1,326,49,125,0.392,28,79,0.354,21,46,0.457,0.504,8,11,0.727,11,53,64,26,6,16,12,28,134,0,0,0,1,0
"437",1444452.75398865,21,66,4,910,112,193,0.58,1,5,0.2,111,188,0.59,0.583,42,77,0.545,83,132,215,42,34,56,31,106,267,0,0,0,0,1
"438",1444452.75398865,22,28,0,353,77,138,0.558,1,4,0.25,76,134,0.567,0.562,21,29,0.724,21,64,85,12,3,18,21,51,176,0,0,0,0,1
"439",1441687.38136302,31,61,1,729,88,137,0.642,0,3,0,88,134,0.657,0.642,38,66,0.576,85,161,246,35,22,67,39,121,214,0,0,0,0,1
"440",179887.461929729,23,14,0,188,33,66,0.5,11,26,0.423,22,40,0.55,0.583,2,5,0.4,1,6,7,26,4,0,13,13,79,1,0,0,0,0
"441",1394301.79963202,25,70,21,1646,202,423,0.478,18,52,0.346,184,371,0.496,0.499,133,203,0.655,89,237,326,104,59,29,77,158,555,0,1,0,0,0
"442",1243848.93656216,23,24,0,304,17,41,0.415,9,31,0.29,8,10,0.8,0.524,5,6,0.833,1,24,25,35,13,0,13,18,48,1,0,0,0,0
"443",1243848.93656216,22,6,0,28,5,11,0.455,2,5,0.4,3,6,0.5,0.545,0,0,NA,0,5,5,8,1,0,2,2,12,0,1,0,0,0
"444",12725620.7707131,25,61,59,2057,341,805,0.424,136,360,0.378,205,445,0.461,0.508,102,159,0.642,27,118,145,242,74,16,109,152,920,0,1,0,0,0
"445",12272765.1931221,28,32,7,461,76,148,0.514,0,1,0,76,147,0.517,0.514,36,51,0.706,68,85,153,18,12,13,23,51,188,0,0,0,1,0
"446",924704.489496588,23,26,0,299,40,98,0.408,16,47,0.34,24,51,0.471,0.49,41,43,0.953,6,26,32,34,9,2,19,39,137,1,0,0,0,0
"448",888702.269952508,22,57,10,961,92,225,0.409,19,80,0.238,73,145,0.503,0.451,26,34,0.765,16,66,82,81,43,10,41,67,229,0,1,0,0,0
"449",43665.1057685743,32,2,0,64,8,17,0.471,5,9,0.556,3,8,0.375,0.618,3,3,1,1,5,6,7,3,3,3,3,24,0,1,0,0,0
